Timestamp,temperature_2m_max,temperature_2m_min,precipitation_sum,wind_speed_10m_max,relative_humidity_2m_max,City
2020-01-01,26.9,20.1,3.1,17.7,93,visakhapatnam
2020-01-02,26.0,20.9,5.6,20.3,96,visakhapatnam
2020-01-03,26.4,21.0,3.5,14.0,96,visakhapatnam
2020-01-04,25.9,20.8,2.3,11.2,96,visakhapatnam
2020-01-05,25.8,21.0,0.5,15.2,89,visakhapatnam
2020-01-06,26.1,21.0,0.0,20.2,89,visakhapatnam
2020-01-07,25.7,19.8,0.0,19.6,87,visakhapatnam
2020-01-08,26.1,18.9,0.0,10.6,95,visakhapatnam
2020-01-09,27.8,18.8,0.0,16.6,97,visakhapatnam
2020-01-10,27.4,20.7,0.7,21.1,92,visakhapatnam
2020-01-11,26.8,21.0,0.2,17.7,94,visakhapatnam
2020-01-12,26.4,17.5,0.0,17.0,93,visakhapatnam
2020-01-13,26.6,15.7,0.0,12.8,94,visakhapatnam
2020-01-14,27.0,17.6,0.0,13.0,97,visakhapatnam
2020-01-15,27.0,17.1,0.0,11.9,97,visakhapatnam
2020-01-16,27.2,18.5,0.0,13.2,98,visakhapatnam
2020-01-17,27.0,19.5,0.1,14.5,97,visakhapatnam
2020-01-18,28.1,20.6,0.1,16.3,98,visakhapatnam
2020-01-19,28.4,20.3,0.0,13.5,98,visakhapatnam
2020-01-20,28.5,19.5,0.6,13.4,98,visakhapatnam
2020-01-21,28.2,21.0,0.0,18.6,97,visakhapatnam
2020-01-22,28.6,21.0,0.0,16.6,97,visakhapatnam
2020-01-23,28.5,20.4,0.0,14.4,99,visakhapatnam
2020-01-24,29.3,18.7,0.0,15.1,96,visakhapatnam
2020-01-25,28.5,20.4,0.5,16.4,97,visakhapatnam
2020-01-26,29.8,20.4,0.0,22.0,95,visakhapatnam
2020-01-27,29.3,20.1,0.5,15.6,100,visakhapatnam
2020-01-28,28.2,21.1,1.4,24.3,99,visakhapatnam
2020-01-29,29.7,21.2,0.0,20.3,93,visakhapatnam
2020-01-30,29.2,21.8,0.3,17.9,96,visakhapatnam
2020-01-31,29.0,21.2,0.7,16.5,99,visakhapatnam
2020-02-01,27.0,21.9,2.9,11.0,95,visakhapatnam
2020-02-02,26.1,21.4,2.7,16.1,96,visakhapatnam
2020-02-03,26.2,21.3,2.1,16.3,96,visakhapatnam
2020-02-04,24.4,21.5,24.2,13.2,96,visakhapatnam
2020-02-05,27.4,21.4,2.9,12.8,98,visakhapatnam
2020-02-06,28.1,20.9,1.0,14.2,97,visakhapatnam
2020-02-07,28.1,21.8,2.5,18.9,97,visakhapatnam
2020-02-08,27.9,21.5,1.5,17.1,97,visakhapatnam
2020-02-09,26.5,19.9,1.0,19.1,93,visakhapatnam
2020-02-10,26.6,20.2,0.0,21.0,86,visakhapatnam
2020-02-11,26.6,21.0,1.1,16.5,89,visakhapatnam
2020-02-12,28.1,20.7,0.0,15.8,91,visakhapatnam
2020-02-13,29.4,19.5,0.0,14.9,97,visakhapatnam
2020-02-14,30.6,19.1,0.0,16.2,95,visakhapatnam
2020-02-15,30.5,19.4,0.0,16.3,96,visakhapatnam
2020-02-16,30.1,20.4,0.0,19.5,100,visakhapatnam
2020-02-17,29.8,20.2,0.0,20.6,96,visakhapatnam
2020-02-18,29.1,20.7,0.2,18.8,98,visakhapatnam
2020-02-19,28.5,21.5,0.8,17.1,97,visakhapatnam
2020-02-20,29.2,20.6,0.0,19.1,96,visakhapatnam
2020-02-21,29.4,20.4,0.0,17.0,96,visakhapatnam
2020-02-22,29.4,20.5,0.0,20.9,92,visakhapatnam
2020-02-23,29.8,19.2,0.0,16.5,95,visakhapatnam
2020-02-24,30.5,19.6,0.0,18.9,95,visakhapatnam
2020-02-25,29.9,21.3,0.0,19.1,94,visakhapatnam
2020-02-26,28.9,22.0,4.7,11.5,97,visakhapatnam
2020-02-27,29.4,22.0,0.5,22.1,95,visakhapatnam
2020-02-28,29.6,21.1,0.0,19.0,89,visakhapatnam
2020-02-29,29.9,20.2,0.1,17.9,90,visakhapatnam
2020-03-01,30.6,21.2,0.0,18.0,89,visakhapatnam
2020-03-02,30.4,20.6,0.1,16.2,91,visakhapatnam
2020-03-03,30.6,20.1,0.0,18.5,93,visakhapatnam
2020-03-04,30.4,21.0,0.0,17.6,93,visakhapatnam
2020-03-05,30.0,22.7,0.0,17.7,91,visakhapatnam
2020-03-06,29.9,22.0,3.1,18.4,91,visakhapatnam
2020-03-07,29.9,23.9,0.9,19.5,90,visakhapatnam
2020-03-08,31.0,23.0,0.0,19.5,94,visakhapatnam
2020-03-09,31.5,23.5,2.7,14.8,96,visakhapatnam
2020-03-10,31.5,23.6,0.3,17.7,96,visakhapatnam
2020-03-11,31.6,22.9,0.0,22.2,95,visakhapatnam
2020-03-12,31.8,23.2,0.0,18.6,93,visakhapatnam
2020-03-13,31.5,22.5,0.0,15.8,96,visakhapatnam
2020-03-14,31.8,21.2,0.0,16.3,98,visakhapatnam
2020-03-15,30.9,21.5,0.0,18.2,99,visakhapatnam
2020-03-16,31.6,22.9,0.0,16.3,97,visakhapatnam
2020-03-17,32.2,22.2,0.0,17.3,97,visakhapatnam
2020-03-18,33.4,23.0,0.0,20.0,98,visakhapatnam
2020-03-19,34.3,23.8,7.3,22.3,96,visakhapatnam
2020-03-20,29.8,22.4,2.6,15.2,96,visakhapatnam
2020-03-21,30.5,23.8,0.0,18.9,94,visakhapatnam
2020-03-22,30.6,23.6,0.0,18.5,94,visakhapatnam
2020-03-23,29.7,23.3,2.7,12.8,95,visakhapatnam
2020-03-24,31.0,22.9,0.0,14.8,97,visakhapatnam
2020-03-25,31.4,22.6,0.0,17.9,98,visakhapatnam
2020-03-26,32.8,22.7,0.0,18.4,96,visakhapatnam
2020-03-27,33.8,22.9,0.0,19.2,96,visakhapatnam
2020-03-28,34.7,24.0,0.0,19.2,90,visakhapatnam
2020-03-29,36.2,24.6,0.0,20.3,94,visakhapatnam
2020-03-30,34.5,24.9,0.0,18.4,96,visakhapatnam
2020-03-31,36.0,25.1,0.0,19.4,90,visakhapatnam
2020-04-01,36.1,24.8,0.0,23.4,91,visakhapatnam
2020-04-02,34.0,25.1,0.0,22.4,95,visakhapatnam
2020-04-03,33.3,24.6,0.0,21.7,95,visakhapatnam
2020-04-04,33.1,25.4,0.0,19.2,96,visakhapatnam
2020-04-05,34.3,24.8,0.0,20.2,95,visakhapatnam
2020-04-06,34.9,25.1,0.0,18.6,96,visakhapatnam
2020-04-07,33.8,26.0,0.0,20.2,97,visakhapatnam
2020-04-08,33.8,26.3,0.0,21.0,90,visakhapatnam
2020-04-09,33.4,24.5,0.0,20.8,97,visakhapatnam
2020-04-10,34.2,25.4,0.0,18.0,94,visakhapatnam
2020-04-11,33.8,24.0,1.1,15.7,97,visakhapatnam
2020-04-12,34.5,24.6,0.0,17.7,98,visakhapatnam
2020-04-13,35.3,24.8,0.0,20.6,98,visakhapatnam
2020-04-14,34.5,25.0,0.0,19.8,97,visakhapatnam
2020-04-15,35.0,25.6,0.0,22.5,95,visakhapatnam
2020-04-16,34.3,25.3,0.0,23.4,90,visakhapatnam
2020-04-17,34.1,26.0,0.0,24.7,91,visakhapatnam
2020-04-18,33.9,25.8,0.0,25.1,92,visakhapatnam
2020-04-19,33.5,25.2,0.0,23.1,91,visakhapatnam
2020-04-20,33.7,25.1,0.0,21.0,94,visakhapatnam
2020-04-21,33.2,25.9,0.0,23.9,95,visakhapatnam
2020-04-22,33.8,26.0,0.0,23.4,90,visakhapatnam
2020-04-23,33.9,26.2,0.0,24.0,94,visakhapatnam
2020-04-24,34.4,27.4,0.1,25.3,90,visakhapatnam
2020-04-25,32.2,26.5,3.0,22.2,90,visakhapatnam
2020-04-26,31.9,25.3,9.3,20.2,96,visakhapatnam
2020-04-27,31.6,23.2,18.2,19.2,95,visakhapatnam
2020-04-28,32.0,25.4,2.0,17.5,90,visakhapatnam
2020-04-29,32.8,25.8,0.0,18.5,93,visakhapatnam
2020-04-30,32.4,25.9,0.0,18.8,96,visakhapatnam
2020-05-01,34.0,26.5,0.0,20.0,92,visakhapatnam
2020-05-02,33.8,25.5,0.0,21.4,98,visakhapatnam
2020-05-03,34.2,26.9,0.0,24.8,93,visakhapatnam
2020-05-04,34.0,27.7,0.0,23.7,91,visakhapatnam
2020-05-05,34.1,27.6,0.0,23.5,92,visakhapatnam
2020-05-06,34.3,28.0,0.0,22.0,89,visakhapatnam
2020-05-07,34.3,27.0,0.0,20.0,92,visakhapatnam
2020-05-08,34.3,27.0,0.0,22.0,92,visakhapatnam
2020-05-09,34.8,26.4,0.0,18.8,96,visakhapatnam
2020-05-10,33.9,26.3,0.0,20.3,96,visakhapatnam
2020-05-11,33.8,26.4,0.0,18.0,96,visakhapatnam
2020-05-12,33.8,24.7,0.0,15.0,97,visakhapatnam
2020-05-13,34.1,25.9,0.0,16.9,94,visakhapatnam
2020-05-14,33.9,24.3,0.0,15.9,95,visakhapatnam
2020-05-15,34.5,25.4,0.0,19.5,96,visakhapatnam
2020-05-16,36.0,26.1,0.0,19.7,97,visakhapatnam
2020-05-17,35.0,25.8,0.0,20.6,98,visakhapatnam
2020-05-18,35.5,26.9,0.0,21.8,88,visakhapatnam
2020-05-19,37.3,29.2,0.1,24.7,69,visakhapatnam
2020-05-20,42.8,27.5,0.0,22.3,77,visakhapatnam
2020-05-21,37.8,28.5,0.0,23.2,90,visakhapatnam
2020-05-22,35.7,26.9,0.0,21.6,98,visakhapatnam
2020-05-23,35.2,28.4,0.0,23.9,96,visakhapatnam
2020-05-24,34.5,28.5,0.5,25.4,90,visakhapatnam
2020-05-25,34.5,28.7,0.5,26.7,87,visakhapatnam
2020-05-26,33.8,28.5,0.0,26.1,86,visakhapatnam
2020-05-27,34.5,28.5,0.0,27.3,84,visakhapatnam
2020-05-28,34.8,28.5,0.5,30.1,88,visakhapatnam
2020-05-29,34.8,28.8,0.6,24.0,92,visakhapatnam
2020-05-30,34.4,28.4,2.6,20.2,92,visakhapatnam
2020-05-31,33.1,27.8,2.8,18.4,94,visakhapatnam
2020-06-01,34.3,28.0,0.6,21.1,92,visakhapatnam
2020-06-02,33.9,27.1,2.7,20.1,92,visakhapatnam
2020-06-03,33.8,25.8,1.5,19.3,96,visakhapatnam
2020-06-04,33.8,27.0,3.4,21.8,93,visakhapatnam
2020-06-05,33.8,26.8,0.3,23.3,93,visakhapatnam
2020-06-06,34.5,28.1,0.7,21.3,95,visakhapatnam
2020-06-07,33.8,28.2,0.0,17.1,95,visakhapatnam
2020-06-08,35.2,28.8,0.0,18.8,84,visakhapatnam
2020-06-09,32.2,27.3,5.5,21.4,93,visakhapatnam
2020-06-10,33.2,25.3,34.7,15.7,99,visakhapatnam
2020-06-11,28.9,25.2,78.3,12.3,96,visakhapatnam
2020-06-12,28.5,26.0,5.6,18.1,98,visakhapatnam
2020-06-13,32.5,26.5,0.2,24.8,92,visakhapatnam
2020-06-14,32.5,27.4,0.5,20.3,87,visakhapatnam
2020-06-15,32.1,27.3,1.4,23.1,89,visakhapatnam
2020-06-16,31.1,27.0,2.1,24.2,89,visakhapatnam
2020-06-17,29.9,26.4,5.1,23.6,90,visakhapatnam
2020-06-18,29.9,26.7,1.1,22.5,88,visakhapatnam
2020-06-19,32.5,27.2,0.6,23.2,83,visakhapatnam
2020-06-20,34.4,27.8,0.0,16.8,85,visakhapatnam
2020-06-21,31.0,27.3,3.3,18.5,90,visakhapatnam
2020-06-22,34.5,27.1,0.5,22.8,78,visakhapatnam
2020-06-23,33.0,27.0,0.0,22.9,91,visakhapatnam
2020-06-24,32.0,27.0,4.5,19.1,94,visakhapatnam
2020-06-25,31.5,25.8,1.1,18.5,97,visakhapatnam
2020-06-26,31.6,26.4,2.2,18.2,96,visakhapatnam
2020-06-27,32.2,26.4,0.0,20.9,95,visakhapatnam
2020-06-28,31.7,27.2,1.8,20.1,93,visakhapatnam
2020-06-29,32.2,26.9,2.7,16.7,93,visakhapatnam
2020-06-30,31.3,26.5,3.3,19.9,95,visakhapatnam
2020-07-01,32.4,25.6,2.2,19.0,96,visakhapatnam
2020-07-02,32.2,27.0,12.2,20.4,95,visakhapatnam
2020-07-03,33.0,26.1,19.8,17.4,97,visakhapatnam
2020-07-04,28.6,25.5,42.1,23.3,97,visakhapatnam
2020-07-05,31.4,25.7,4.8,26.1,90,visakhapatnam
2020-07-06,33.0,25.4,6.5,25.2,93,visakhapatnam
2020-07-07,30.4,26.2,1.2,26.0,93,visakhapatnam
2020-07-08,31.5,26.9,0.1,19.2,92,visakhapatnam
2020-07-09,31.0,25.6,15.0,22.3,96,visakhapatnam
2020-07-10,30.6,27.0,0.8,28.0,89,visakhapatnam
2020-07-11,31.8,26.4,1.1,23.6,90,visakhapatnam
2020-07-12,31.8,26.7,4.6,20.1,95,visakhapatnam
2020-07-13,30.8,26.1,2.3,22.5,95,visakhapatnam
2020-07-14,28.6,26.0,19.2,17.7,94,visakhapatnam
2020-07-15,27.4,25.7,10.1,22.2,94,visakhapatnam
2020-07-16,28.1,24.9,5.3,21.4,95,visakhapatnam
2020-07-17,30.2,24.5,4.1,22.2,95,visakhapatnam
2020-07-18,30.4,26.1,1.8,20.1,95,visakhapatnam
2020-07-19,30.9,26.5,1.1,21.7,96,visakhapatnam
2020-07-20,30.0,26.5,2.3,23.5,94,visakhapatnam
2020-07-21,31.0,26.0,2.3,24.5,94,visakhapatnam
2020-07-22,32.0,26.6,3.1,25.4,94,visakhapatnam
2020-07-23,28.2,26.1,16.5,17.1,95,visakhapatnam
2020-07-24,31.0,25.4,1.0,17.4,95,visakhapatnam
2020-07-25,30.6,25.5,0.9,15.5,97,visakhapatnam
2020-07-26,32.0,25.4,1.3,16.5,97,visakhapatnam
2020-07-27,33.1,26.4,3.4,8.7,97,visakhapatnam
2020-07-28,32.2,26.5,16.6,14.8,98,visakhapatnam
2020-07-29,31.1,26.0,5.6,16.4,95,visakhapatnam
2020-07-30,31.4,26.0,4.0,12.4,98,visakhapatnam
2020-07-31,31.5,25.9,3.0,15.6,97,visakhapatnam
2020-08-01,31.5,26.0,12.2,20.1,93,visakhapatnam
2020-08-02,33.5,27.1,3.9,18.4,92,visakhapatnam
2020-08-03,34.2,27.5,0.8,19.8,88,visakhapatnam
2020-08-04,29.0,26.4,11.2,23.4,88,visakhapatnam
2020-08-05,29.9,25.0,8.5,31.5,95,visakhapatnam
2020-08-06,31.7,26.1,0.2,24.4,86,visakhapatnam
2020-08-07,32.2,25.8,2.6,17.8,93,visakhapatnam
2020-08-08,33.5,27.5,0.2,14.7,87,visakhapatnam
2020-08-09,31.5,26.8,3.2,16.9,86,visakhapatnam
2020-08-10,30.8,25.8,0.5,24.1,90,visakhapatnam
2020-08-11,32.2,26.0,0.4,24.8,86,visakhapatnam
2020-08-12,27.6,25.6,22.3,26.5,94,visakhapatnam
2020-08-13,28.7,25.2,71.4,23.4,95,visakhapatnam
2020-08-14,25.5,24.4,94.6,25.0,94,visakhapatnam
2020-08-15,25.1,24.1,67.9,28.1,93,visakhapatnam
2020-08-16,28.5,24.4,10.2,29.2,94,visakhapatnam
2020-08-17,30.0,24.9,3.3,33.1,94,visakhapatnam
2020-08-18,30.7,25.9,0.6,24.0,89,visakhapatnam
2020-08-19,28.6,25.3,12.0,23.9,94,visakhapatnam
2020-08-20,28.9,24.8,22.0,32.6,94,visakhapatnam
2020-08-21,29.8,25.4,0.9,29.0,91,visakhapatnam
2020-08-22,28.9,25.5,1.6,25.7,93,visakhapatnam
2020-08-23,29.9,25.5,6.5,25.2,92,visakhapatnam
2020-08-24,30.0,26.0,1.1,24.7,93,visakhapatnam
2020-08-25,30.7,26.6,1.3,16.8,92,visakhapatnam
2020-08-26,30.5,26.0,2.3,17.6,95,visakhapatnam
2020-08-27,32.1,25.8,0.0,24.3,88,visakhapatnam
2020-08-28,30.5,25.1,0.3,27.4,92,visakhapatnam
2020-08-29,30.5,25.6,1.5,24.2,95,visakhapatnam
2020-08-30,32.0,26.1,0.6,16.7,97,visakhapatnam
2020-08-31,32.0,26.0,4.5,10.8,97,visakhapatnam
2020-09-01,32.2,25.8,30.1,11.3,98,visakhapatnam
2020-09-02,29.7,25.0,7.8,10.3,97,visakhapatnam
2020-09-03,29.8,25.5,3.4,12.1,98,visakhapatnam
2020-09-04,30.5,25.3,1.2,13.9,99,visakhapatnam
2020-09-05,30.7,25.2,0.8,14.6,99,visakhapatnam
2020-09-06,31.5,26.3,1.2,14.8,95,visakhapatnam
2020-09-07,31.1,25.6,0.4,16.8,96,visakhapatnam
2020-09-08,31.6,25.8,0.3,14.3,93,visakhapatnam
2020-09-09,31.5,26.4,0.1,14.9,95,visakhapatnam
2020-09-10,31.7,25.9,0.6,17.8,96,visakhapatnam
2020-09-11,31.4,26.2,1.8,15.5,93,visakhapatnam
2020-09-12,30.3,25.4,26.9,11.5,96,visakhapatnam
2020-09-13,30.4,25.9,14.4,20.5,96,visakhapatnam
2020-09-14,29.5,26.0,15.5,15.5,96,visakhapatnam
2020-09-15,29.9,25.8,11.3,13.3,97,visakhapatnam
2020-09-16,30.0,25.9,7.0,13.1,96,visakhapatnam
2020-09-17,30.3,25.9,4.8,14.1,97,visakhapatnam
2020-09-18,31.2,25.6,14.4,13.6,96,visakhapatnam
2020-09-19,31.4,25.0,6.8,15.5,98,visakhapatnam
2020-09-20,30.1,25.1,31.8,9.2,99,visakhapatnam
2020-09-21,27.8,25.2,12.9,22.5,96,visakhapatnam
2020-09-22,30.1,25.6,0.6,28.7,87,visakhapatnam
2020-09-23,31.0,25.9,4.0,23.6,94,visakhapatnam
2020-09-24,31.3,26.1,0.6,24.7,91,visakhapatnam
2020-09-25,30.4,25.8,17.8,22.7,94,visakhapatnam
2020-09-26,29.0,24.6,10.9,15.5,96,visakhapatnam
2020-09-27,32.2,25.1,2.2,11.3,97,visakhapatnam
2020-09-28,32.5,25.0,1.5,8.7,96,visakhapatnam
2020-09-29,32.2,25.7,6.4,8.6,93,visakhapatnam
2020-09-30,28.1,24.9,25.1,7.6,96,visakhapatnam
2020-10-01,30.8,24.9,1.7,8.2,94,visakhapatnam
2020-10-02,29.6,25.0,2.0,8.0,94,visakhapatnam
2020-10-03,29.6,25.1,7.9,9.7,97,visakhapatnam
2020-10-04,29.2,24.8,27.1,9.1,98,visakhapatnam
2020-10-05,30.5,25.0,21.2,9.4,97,visakhapatnam
2020-10-06,30.0,24.2,11.6,11.7,98,visakhapatnam
2020-10-07,29.8,25.2,6.1,11.3,97,visakhapatnam
2020-10-08,29.6,25.6,7.9,10.9,96,visakhapatnam
2020-10-09,30.0,25.4,4.2,13.1,98,visakhapatnam
2020-10-10,29.4,25.2,22.8,8.6,99,visakhapatnam
2020-10-11,29.0,25.1,25.7,25.2,96,visakhapatnam
2020-10-12,27.4,25.2,28.3,28.6,94,visakhapatnam
2020-10-13,28.5,25.3,29.1,33.1,94,visakhapatnam
2020-10-14,28.4,25.1,14.2,10.8,96,visakhapatnam
2020-10-15,29.2,24.0,12.7,8.7,97,visakhapatnam
2020-10-16,29.6,24.1,15.5,13.7,97,visakhapatnam
2020-10-17,30.1,25.0,2.8,16.6,97,visakhapatnam
2020-10-18,31.4,25.0,5.0,10.7,97,visakhapatnam
2020-10-19,29.2,24.4,22.1,20.5,95,visakhapatnam
2020-10-20,29.6,25.0,4.5,13.8,96,visakhapatnam
2020-10-21,30.8,25.0,4.7,12.1,97,visakhapatnam
2020-10-22,30.8,24.9,0.4,12.4,97,visakhapatnam
2020-10-23,32.2,23.4,0.0,10.7,98,visakhapatnam
2020-10-24,31.8,24.5,0.4,10.6,99,visakhapatnam
2020-10-25,32.0,22.7,0.0,11.3,96,visakhapatnam
2020-10-26,30.6,24.0,0.4,12.4,95,visakhapatnam
2020-10-27,30.9,24.0,0.0,13.0,95,visakhapatnam
2020-10-28,30.6,24.0,0.0,16.3,84,visakhapatnam
2020-10-29,31.5,23.1,0.0,14.9,81,visakhapatnam
2020-10-30,32.2,21.9,0.0,14.4,86,visakhapatnam
2020-10-31,32.5,22.2,0.0,10.7,82,visakhapatnam
2020-11-01,32.4,23.6,0.0,10.0,91,visakhapatnam
2020-11-02,32.5,23.3,0.1,10.0,93,visakhapatnam
2020-11-03,31.2,24.6,1.3,16.3,92,visakhapatnam
2020-11-04,30.8,24.8,0.4,12.9,94,visakhapatnam
2020-11-05,30.5,24.5,0.1,18.3,93,visakhapatnam
2020-11-06,30.2,24.5,0.0,17.9,91,visakhapatnam
2020-11-07,30.1,23.8,0.0,17.0,94,visakhapatnam
2020-11-08,30.6,21.5,0.0,16.6,88,visakhapatnam
2020-11-09,30.3,19.5,0.0,13.7,85,visakhapatnam
2020-11-10,29.9,21.0,0.6,21.4,92,visakhapatnam
2020-11-11,26.5,22.9,11.2,18.8,95,visakhapatnam
2020-11-12,28.2,23.6,5.0,17.4,95,visakhapatnam
2020-11-13,30.5,23.6,0.0,19.0,86,visakhapatnam
2020-11-14,30.2,22.8,0.0,22.3,85,visakhapatnam
2020-11-15,29.4,23.6,0.0,21.7,85,visakhapatnam
2020-11-16,30.1,23.4,0.0,18.1,94,visakhapatnam
2020-11-17,30.0,22.0,0.0,14.1,96,visakhapatnam
2020-11-18,29.7,21.5,0.0,11.9,96,visakhapatnam
2020-11-19,30.3,22.4,0.0,12.5,98,visakhapatnam
2020-11-20,29.6,20.6,0.0,12.1,99,visakhapatnam
2020-11-21,31.0,20.5,0.2,11.0,98,visakhapatnam
2020-11-22,30.1,22.8,3.0,18.1,97,visakhapatnam
2020-11-23,29.1,23.1,0.1,20.4,94,visakhapatnam
2020-11-24,28.7,22.0,0.0,22.9,82,visakhapatnam
2020-11-25,27.5,22.2,3.0,24.7,85,visakhapatnam
2020-11-26,21.9,20.1,81.6,21.1,91,visakhapatnam
2020-11-27,24.9,20.4,50.5,25.4,90,visakhapatnam
2020-11-28,26.1,19.5,7.4,19.8,85,visakhapatnam
2020-11-29,28.4,21.0,0.0,20.4,86,visakhapatnam
2020-11-30,28.5,19.9,0.0,16.6,92,visakhapatnam
2020-12-01,28.0,20.3,0.0,16.1,89,visakhapatnam
2020-12-02,27.9,19.8,0.0,16.4,88,visakhapatnam
2020-12-03,28.5,20.4,0.0,16.3,92,visakhapatnam
2020-12-04,28.0,21.1,0.0,15.8,96,visakhapatnam
2020-12-05,28.1,21.2,0.0,17.7,95,visakhapatnam
2020-12-06,28.0,20.6,0.0,18.9,94,visakhapatnam
2020-12-07,28.3,20.4,0.0,15.6,96,visakhapatnam
2020-12-08,28.9,18.9,0.0,11.2,94,visakhapatnam
2020-12-09,29.0,16.4,0.0,9.4,94,visakhapatnam
2020-12-10,28.6,16.4,0.0,13.0,94,visakhapatnam
2020-12-11,28.5,18.1,0.0,11.9,95,visakhapatnam
2020-12-12,27.7,17.9,0.0,11.0,97,visakhapatnam
2020-12-13,27.7,17.8,0.0,11.1,95,visakhapatnam
2020-12-14,28.3,18.1,0.0,11.1,97,visakhapatnam
2020-12-15,28.3,21.0,0.0,17.6,93,visakhapatnam
2020-12-16,28.2,21.4,0.0,17.1,95,visakhapatnam
2020-12-17,28.8,20.8,0.0,17.8,93,visakhapatnam
2020-12-18,28.0,21.4,0.5,16.5,95,visakhapatnam
2020-12-19,28.1,21.0,0.0,18.8,95,visakhapatnam
2020-12-20,27.3,18.6,0.0,15.2,90,visakhapatnam
2020-12-21,27.8,16.3,0.0,14.5,92,visakhapatnam
2020-12-22,27.2,16.0,0.0,14.7,85,visakhapatnam
2020-12-23,27.0,16.0,0.0,14.9,88,visakhapatnam
2020-12-24,27.1,16.1,0.0,16.7,88,visakhapatnam
2020-12-25,27.4,17.6,0.0,16.4,92,visakhapatnam
2020-12-26,27.3,18.2,0.0,14.8,93,visakhapatnam
2020-12-27,27.0,18.0,0.0,16.1,94,visakhapatnam
2020-12-28,27.2,18.0,0.0,14.5,95,visakhapatnam
2020-12-29,27.5,18.6,0.0,15.8,93,visakhapatnam
2020-12-30,27.4,19.1,0.0,18.9,93,visakhapatnam
2020-12-31,27.1,18.7,0.0,18.8,92,visakhapatnam
2021-01-01,26.9,18.8,0.0,18.8,87,visakhapatnam
2021-01-02,26.9,18.0,0.0,16.1,91,visakhapatnam
2021-01-03,27.5,18.2,0.0,17.8,93,visakhapatnam
2021-01-04,27.2,18.4,0.0,17.6,94,visakhapatnam
2021-01-05,28.1,20.0,0.0,19.1,93,visakhapatnam
2021-01-06,28.1,20.7,0.0,16.2,95,visakhapatnam
2021-01-07,27.7,19.5,0.0,11.0,97,visakhapatnam
2021-01-08,29.8,20.2,0.0,14.5,99,visakhapatnam
2021-01-09,29.9,20.0,0.0,14.0,98,visakhapatnam
2021-01-10,29.5,18.6,0.0,11.7,99,visakhapatnam
2021-01-11,30.0,19.0,0.0,13.8,98,visakhapatnam
2021-01-12,29.5,18.2,0.0,14.9,98,visakhapatnam
2021-01-13,29.4,18.4,0.0,15.5,100,visakhapatnam
2021-01-14,29.1,20.1,0.0,16.4,97,visakhapatnam
2021-01-15,28.5,19.5,0.1,16.1,98,visakhapatnam
2021-01-16,28.5,18.8,0.0,16.9,97,visakhapatnam
2021-01-17,27.9,19.9,0.4,14.5,96,visakhapatnam
2021-01-18,26.9,20.7,0.5,17.3,96,visakhapatnam
2021-01-19,28.0,18.0,0.0,14.2,95,visakhapatnam
2021-01-20,29.4,18.1,0.0,16.8,98,visakhapatnam
2021-01-21,30.5,18.6,0.0,15.6,95,visakhapatnam
2021-01-22,28.9,21.9,0.1,16.7,97,visakhapatnam
2021-01-23,29.0,21.1,0.0,16.6,98,visakhapatnam
2021-01-24,29.2,19.6,0.0,17.1,98,visakhapatnam
2021-01-25,29.0,19.5,0.0,18.5,99,visakhapatnam
2021-01-26,29.4,20.0,0.0,17.3,96,visakhapatnam
2021-01-27,27.9,20.2,0.5,14.5,97,visakhapatnam
2021-01-28,27.4,21.3,1.4,15.9,96,visakhapatnam
2021-01-29,28.2,21.5,1.4,13.6,96,visakhapatnam
2021-01-30,29.1,20.1,0.4,14.3,97,visakhapatnam
2021-01-31,27.5,21.0,1.9,15.5,97,visakhapatnam
2021-02-01,26.9,21.0,0.5,16.2,95,visakhapatnam
2021-02-02,28.0,19.5,0.0,17.4,94,visakhapatnam
2021-02-03,27.9,17.2,0.0,18.7,88,visakhapatnam
2021-02-04,28.6,15.9,0.0,16.7,86,visakhapatnam
2021-02-05,28.1,16.6,0.0,17.6,91,visakhapatnam
2021-02-06,29.5,14.7,0.0,19.2,91,visakhapatnam
2021-02-07,29.5,16.2,0.0,20.3,92,visakhapatnam
2021-02-08,29.0,19.0,0.0,18.9,94,visakhapatnam
2021-02-09,28.6,17.4,0.0,17.2,93,visakhapatnam
2021-02-10,28.8,18.0,0.0,15.8,94,visakhapatnam
2021-02-11,28.0,18.0,0.0,16.0,96,visakhapatnam
2021-02-12,28.6,17.1,0.0,16.5,98,visakhapatnam
2021-02-13,29.6,17.1,0.0,18.3,94,visakhapatnam
2021-02-14,29.2,17.5,0.0,18.9,90,visakhapatnam
2021-02-15,31.8,18.0,0.0,19.5,92,visakhapatnam
2021-02-16,30.8,18.8,0.0,19.5,94,visakhapatnam
2021-02-17,30.5,18.9,0.0,16.1,96,visakhapatnam
2021-02-18,29.4,20.3,0.0,16.9,96,visakhapatnam
2021-02-19,28.9,21.0,0.0,18.2,95,visakhapatnam
2021-02-20,26.0,21.2,1.0,20.9,88,visakhapatnam
2021-02-21,29.1,20.1,0.0,18.8,91,visakhapatnam
2021-02-22,31.0,18.8,0.0,18.4,95,visakhapatnam
2021-02-23,30.8,17.0,0.0,15.9,88,visakhapatnam
2021-02-24,31.6,17.6,0.0,20.2,92,visakhapatnam
2021-02-25,32.1,19.4,0.0,19.7,92,visakhapatnam
2021-02-26,33.5,19.5,0.0,18.8,95,visakhapatnam
2021-02-27,32.9,21.5,0.0,17.1,96,visakhapatnam
2021-02-28,32.6,21.2,0.0,17.4,98,visakhapatnam
2021-03-01,32.1,20.5,0.0,20.0,98,visakhapatnam
2021-03-02,32.8,21.2,0.0,19.4,96,visakhapatnam
2021-03-03,33.2,20.2,0.0,16.3,97,visakhapatnam
2021-03-04,32.7,20.9,0.0,18.8,100,visakhapatnam
2021-03-05,34.0,19.4,0.0,22.8,96,visakhapatnam
2021-03-06,33.7,21.4,0.0,23.1,92,visakhapatnam
2021-03-07,32.8,21.3,0.0,19.4,97,visakhapatnam
2021-03-08,31.3,22.0,0.0,17.3,100,visakhapatnam
2021-03-09,31.8,22.0,0.0,18.5,97,visakhapatnam
2021-03-10,32.1,22.4,0.0,19.2,95,visakhapatnam
2021-03-11,31.9,23.7,0.0,21.7,96,visakhapatnam
2021-03-12,32.2,22.5,0.0,16.3,96,visakhapatnam
2021-03-13,32.2,19.6,0.0,16.8,100,visakhapatnam
2021-03-14,31.2,20.5,0.0,15.9,92,visakhapatnam
2021-03-15,32.6,22.0,0.0,13.1,100,visakhapatnam
2021-03-16,32.9,23.2,0.0,18.4,99,visakhapatnam
2021-03-17,32.7,22.2,0.0,20.0,98,visakhapatnam
2021-03-18,33.5,21.9,0.0,17.1,99,visakhapatnam
2021-03-19,33.8,21.7,0.0,19.1,96,visakhapatnam
2021-03-20,34.2,21.0,0.0,18.5,96,visakhapatnam
2021-03-21,34.8,23.5,0.0,15.1,96,visakhapatnam
2021-03-22,34.8,24.5,0.0,15.1,97,visakhapatnam
2021-03-23,35.7,22.1,0.0,17.8,87,visakhapatnam
2021-03-24,34.8,20.5,0.0,16.9,95,visakhapatnam
2021-03-25,35.3,21.3,0.0,16.4,87,visakhapatnam
2021-03-26,35.2,22.8,0.0,17.4,99,visakhapatnam
2021-03-27,34.3,23.0,0.0,16.6,100,visakhapatnam
2021-03-28,34.8,25.4,0.0,17.5,98,visakhapatnam
2021-03-29,34.8,24.5,0.0,25.1,96,visakhapatnam
2021-03-30,33.9,25.1,0.0,26.4,93,visakhapatnam
2021-03-31,38.8,25.5,0.0,31.3,94,visakhapatnam
2021-04-01,35.1,23.9,0.0,27.0,97,visakhapatnam
2021-04-02,34.3,26.4,0.0,20.3,98,visakhapatnam
2021-04-03,33.6,26.7,0.8,15.9,98,visakhapatnam
2021-04-04,34.0,24.7,0.0,17.0,99,visakhapatnam
2021-04-05,33.5,25.0,0.0,14.7,99,visakhapatnam
2021-04-06,32.6,23.9,0.0,18.5,97,visakhapatnam
2021-04-07,32.8,25.3,0.0,20.5,94,visakhapatnam
2021-04-08,33.2,25.5,0.0,22.4,92,visakhapatnam
2021-04-09,32.8,25.7,0.0,19.0,92,visakhapatnam
2021-04-10,32.5,25.0,0.1,16.5,93,visakhapatnam
2021-04-11,33.5,24.0,0.0,17.4,95,visakhapatnam
2021-04-12,33.3,25.0,0.0,18.0,97,visakhapatnam
2021-04-13,34.0,25.5,0.2,15.4,97,visakhapatnam
2021-04-14,33.7,25.7,0.0,18.5,95,visakhapatnam
2021-04-15,33.7,25.6,0.0,16.9,95,visakhapatnam
2021-04-16,34.0,24.6,0.0,16.2,94,visakhapatnam
2021-04-17,33.6,24.0,0.0,19.1,96,visakhapatnam
2021-04-18,34.2,25.9,0.0,20.2,94,visakhapatnam
2021-04-19,34.5,26.2,0.0,20.0,94,visakhapatnam
2021-04-20,33.3,27.0,2.2,21.2,96,visakhapatnam
2021-04-21,33.8,26.5,0.0,23.4,94,visakhapatnam
2021-04-22,33.8,26.5,0.0,20.5,90,visakhapatnam
2021-04-23,34.7,26.5,0.1,18.4,93,visakhapatnam
2021-04-24,34.8,25.9,0.0,14.8,97,visakhapatnam
2021-04-25,35.8,26.1,0.0,18.8,97,visakhapatnam
2021-04-26,34.7,25.8,0.0,20.5,95,visakhapatnam
2021-04-27,34.1,25.9,0.0,21.4,88,visakhapatnam
2021-04-28,34.4,26.5,0.0,20.7,93,visakhapatnam
2021-04-29,33.9,26.9,0.0,18.8,94,visakhapatnam
2021-04-30,33.9,25.8,0.5,17.5,97,visakhapatnam
2021-05-01,33.0,25.9,0.2,18.9,96,visakhapatnam
2021-05-02,33.9,26.0,0.0,19.7,90,visakhapatnam
2021-05-03,33.2,26.3,0.2,17.4,95,visakhapatnam
2021-05-04,34.1,26.0,0.4,19.5,92,visakhapatnam
2021-05-05,33.5,25.1,0.0,21.0,94,visakhapatnam
2021-05-06,34.2,25.8,0.0,19.4,89,visakhapatnam
2021-05-07,33.9,26.1,0.0,18.9,92,visakhapatnam
2021-05-08,34.0,25.8,0.1,20.7,95,visakhapatnam
2021-05-09,34.0,26.5,0.3,18.7,90,visakhapatnam
2021-05-10,34.6,27.0,0.0,21.9,90,visakhapatnam
2021-05-11,34.6,27.6,0.4,24.6,87,visakhapatnam
2021-05-12,34.3,26.2,0.0,24.3,91,visakhapatnam
2021-05-13,34.7,27.1,0.6,24.7,89,visakhapatnam
2021-05-14,34.5,27.9,0.4,21.6,91,visakhapatnam
2021-05-15,33.5,27.0,1.0,17.3,95,visakhapatnam
2021-05-16,32.8,27.4,1.7,14.8,92,visakhapatnam
2021-05-17,33.3,26.8,1.6,17.3,96,visakhapatnam
2021-05-18,33.2,26.9,1.2,22.5,95,visakhapatnam
2021-05-19,34.3,27.2,0.2,24.8,93,visakhapatnam
2021-05-20,34.6,27.3,0.5,21.2,90,visakhapatnam
2021-05-21,35.5,26.8,11.5,18.8,93,visakhapatnam
2021-05-22,32.8,26.0,5.1,15.1,95,visakhapatnam
2021-05-23,35.5,26.1,0.0,15.9,95,visakhapatnam
2021-05-24,36.6,27.8,0.0,15.5,82,visakhapatnam
2021-05-25,35.8,27.5,0.0,17.3,89,visakhapatnam
2021-05-26,39.4,28.5,0.0,29.7,71,visakhapatnam
2021-05-27,41.4,26.0,0.0,19.7,75,visakhapatnam
2021-05-28,37.7,27.3,0.0,15.8,81,visakhapatnam
2021-05-29,35.9,29.2,0.7,22.9,89,visakhapatnam
2021-05-30,34.8,28.3,0.0,20.0,93,visakhapatnam
2021-05-31,35.7,28.9,2.4,20.5,90,visakhapatnam
2021-06-01,35.7,28.1,0.0,21.3,93,visakhapatnam
2021-06-02,34.3,26.5,14.0,18.1,97,visakhapatnam
2021-06-03,32.5,26.3,2.0,19.7,96,visakhapatnam
2021-06-04,32.5,26.9,0.6,22.1,95,visakhapatnam
2021-06-05,32.8,27.0,0.0,20.8,89,visakhapatnam
2021-06-06,33.5,26.9,0.0,21.0,91,visakhapatnam
2021-06-07,33.8,26.9,0.0,23.7,87,visakhapatnam
2021-06-08,35.2,27.9,0.0,24.3,85,visakhapatnam
2021-06-09,36.1,28.4,0.6,23.4,78,visakhapatnam
2021-06-10,32.2,27.0,4.6,17.7,89,visakhapatnam
2021-06-11,32.7,26.2,2.9,21.7,89,visakhapatnam
2021-06-12,31.5,25.0,9.2,21.9,93,visakhapatnam
2021-06-13,32.4,26.2,1.3,21.9,90,visakhapatnam
2021-06-14,30.8,25.1,10.2,24.4,95,visakhapatnam
2021-06-15,33.2,27.2,0.2,21.6,82,visakhapatnam
2021-06-16,33.2,26.1,0.9,23.4,88,visakhapatnam
2021-06-17,32.8,26.5,10.6,25.4,90,visakhapatnam
2021-06-18,31.9,25.9,3.8,22.1,91,visakhapatnam
2021-06-19,32.2,27.6,0.2,24.0,83,visakhapatnam
2021-06-20,32.2,27.7,0.1,25.1,81,visakhapatnam
2021-06-21,35.0,27.0,0.0,18.1,84,visakhapatnam
2021-06-22,33.9,27.0,0.0,15.8,78,visakhapatnam
2021-06-23,32.1,27.5,5.0,24.5,91,visakhapatnam
2021-06-24,33.7,26.5,0.0,27.4,92,visakhapatnam
2021-06-25,35.2,27.2,0.3,18.0,79,visakhapatnam
2021-06-26,32.5,27.0,4.7,14.2,89,visakhapatnam
2021-06-27,30.7,25.7,18.4,19.0,96,visakhapatnam
2021-06-28,31.1,25.7,1.4,19.6,94,visakhapatnam
2021-06-29,32.1,26.5,0.2,24.9,91,visakhapatnam
2021-06-30,32.5,27.2,0.9,24.7,91,visakhapatnam
2021-07-01,31.6,27.3,4.9,29.0,92,visakhapatnam
2021-07-02,33.4,27.6,2.4,22.3,91,visakhapatnam
2021-07-03,32.5,26.4,0.4,20.7,92,visakhapatnam
2021-07-04,33.1,26.6,13.9,20.9,96,visakhapatnam
2021-07-05,33.2,26.1,14.0,14.5,96,visakhapatnam
2021-07-06,31.5,25.5,12.6,17.7,97,visakhapatnam
2021-07-07,31.1,26.7,10.1,20.2,95,visakhapatnam
2021-07-08,30.3,26.6,3.5,17.3,93,visakhapatnam
2021-07-09,31.4,25.6,3.5,20.4,97,visakhapatnam
2021-07-10,31.4,26.8,2.7,16.9,94,visakhapatnam
2021-07-11,29.8,25.6,23.7,15.3,96,visakhapatnam
2021-07-12,28.8,25.5,13.0,21.6,95,visakhapatnam
2021-07-13,27.5,25.0,8.7,14.8,97,visakhapatnam
2021-07-14,29.5,24.6,3.7,19.1,96,visakhapatnam
2021-07-15,30.1,25.2,7.1,19.6,95,visakhapatnam
2021-07-16,29.9,25.8,3.0,15.7,93,visakhapatnam
2021-07-17,30.3,25.2,1.6,12.8,97,visakhapatnam
2021-07-18,30.4,25.5,5.8,19.4,96,visakhapatnam
2021-07-19,31.2,25.5,4.1,18.0,96,visakhapatnam
2021-07-20,33.1,26.2,7.8,17.1,92,visakhapatnam
2021-07-21,28.2,25.5,10.5,22.3,92,visakhapatnam
2021-07-22,29.5,24.8,0.9,23.2,92,visakhapatnam
2021-07-23,30.2,24.8,3.5,27.5,91,visakhapatnam
2021-07-24,31.5,25.3,0.2,24.2,89,visakhapatnam
2021-07-25,32.0,27.0,0.4,25.4,87,visakhapatnam
2021-07-26,33.8,26.5,0.2,22.9,86,visakhapatnam
2021-07-27,33.7,27.8,0.0,20.6,79,visakhapatnam
2021-07-28,34.7,27.9,0.2,20.9,74,visakhapatnam
2021-07-29,31.2,26.2,1.0,20.5,84,visakhapatnam
2021-07-30,31.1,26.5,1.5,20.0,80,visakhapatnam
2021-07-31,34.3,26.8,0.0,22.2,79,visakhapatnam
2021-08-01,33.7,26.6,0.7,20.5,78,visakhapatnam
2021-08-02,34.1,26.7,0.4,24.6,78,visakhapatnam
2021-08-03,34.3,27.0,0.0,17.7,75,visakhapatnam
2021-08-04,35.6,27.6,0.1,19.8,75,visakhapatnam
2021-08-05,35.5,27.9,0.2,15.8,81,visakhapatnam
2021-08-06,34.7,27.4,2.1,16.5,80,visakhapatnam
2021-08-07,32.0,26.6,9.6,20.7,91,visakhapatnam
2021-08-08,32.5,27.1,0.2,23.4,94,visakhapatnam
2021-08-09,33.5,26.5,0.0,19.4,92,visakhapatnam
2021-08-10,34.3,27.6,5.5,22.0,95,visakhapatnam
2021-08-11,35.6,27.6,1.4,14.8,82,visakhapatnam
2021-08-12,33.7,27.2,4.3,13.2,96,visakhapatnam
2021-08-13,33.2,25.5,21.3,12.0,97,visakhapatnam
2021-08-14,32.7,25.4,15.2,10.8,96,visakhapatnam
2021-08-15,31.9,26.0,37.0,12.4,96,visakhapatnam
2021-08-16,28.9,25.5,8.3,11.5,98,visakhapatnam
2021-08-17,29.7,25.8,13.1,26.2,97,visakhapatnam
2021-08-18,30.4,25.2,1.0,25.6,93,visakhapatnam
2021-08-19,30.5,25.1,5.7,20.6,95,visakhapatnam
2021-08-20,30.1,25.5,9.7,21.7,95,visakhapatnam
2021-08-21,29.7,25.5,7.9,19.4,95,visakhapatnam
2021-08-22,30.5,24.8,1.8,19.0,93,visakhapatnam
2021-08-23,31.0,25.0,0.2,20.7,93,visakhapatnam
2021-08-24,31.0,25.9,0.0,23.8,91,visakhapatnam
2021-08-25,32.3,26.2,3.1,21.0,93,visakhapatnam
2021-08-26,32.4,26.5,1.3,18.8,95,visakhapatnam
2021-08-27,31.0,26.0,18.2,8.4,99,visakhapatnam
2021-08-28,31.4,25.8,13.5,16.4,98,visakhapatnam
2021-08-29,30.9,25.9,11.5,17.7,95,visakhapatnam
2021-08-30,28.9,25.1,9.5,12.0,95,visakhapatnam
2021-08-31,28.8,25.2,13.7,13.7,98,visakhapatnam
2021-09-01,29.5,24.9,3.5,15.5,99,visakhapatnam
2021-09-02,30.5,24.7,2.4,13.0,99,visakhapatnam
2021-09-03,30.5,25.1,0.9,13.6,97,visakhapatnam
2021-09-04,30.8,24.6,4.1,14.9,98,visakhapatnam
2021-09-05,31.9,24.8,24.1,10.2,97,visakhapatnam
2021-09-06,28.4,24.9,32.3,18.6,96,visakhapatnam
2021-09-07,29.2,25.0,3.7,24.3,95,visakhapatnam
2021-09-08,31.0,25.0,11.9,23.8,94,visakhapatnam
2021-09-09,32.1,26.1,4.7,16.6,93,visakhapatnam
2021-09-10,28.4,25.2,10.6,11.3,95,visakhapatnam
2021-09-11,28.7,25.1,10.7,15.0,93,visakhapatnam
2021-09-12,31.4,25.5,4.9,18.1,90,visakhapatnam
2021-09-13,30.8,25.6,4.3,25.7,91,visakhapatnam
2021-09-14,31.2,25.8,0.6,30.9,89,visakhapatnam
2021-09-15,30.4,26.6,1.6,24.8,90,visakhapatnam
2021-09-16,30.6,25.8,1.1,21.0,93,visakhapatnam
2021-09-17,32.3,25.6,0.4,20.4,93,visakhapatnam
2021-09-18,32.0,25.2,4.2,16.4,95,visakhapatnam
2021-09-19,32.2,26.0,3.1,15.0,95,visakhapatnam
2021-09-20,30.8,25.2,13.8,13.1,99,visakhapatnam
2021-09-21,30.9,25.5,2.3,18.6,96,visakhapatnam
2021-09-22,30.9,24.8,3.5,18.0,94,visakhapatnam
2021-09-23,29.4,25.2,14.9,16.6,96,visakhapatnam
2021-09-24,30.3,24.5,5.2,12.1,98,visakhapatnam
2021-09-25,31.3,25.5,11.2,9.1,98,visakhapatnam
2021-09-26,27.5,25.4,36.0,32.6,99,visakhapatnam
2021-09-27,27.4,25.6,111.4,37.5,94,visakhapatnam
2021-09-28,28.1,24.8,11.4,14.2,97,visakhapatnam
2021-09-29,29.9,24.2,6.9,12.3,98,visakhapatnam
2021-09-30,30.2,24.6,5.7,9.7,97,visakhapatnam
2021-10-01,30.4,25.0,0.9,13.2,99,visakhapatnam
2021-10-02,30.9,25.1,2.8,11.8,98,visakhapatnam
2021-10-03,30.6,25.3,1.3,12.2,98,visakhapatnam
2021-10-04,30.4,24.6,3.7,10.5,98,visakhapatnam
2021-10-05,31.0,25.1,0.6,15.6,97,visakhapatnam
2021-10-06,30.3,25.8,3.3,13.5,96,visakhapatnam
2021-10-07,30.6,25.2,1.7,11.6,98,visakhapatnam
2021-10-08,32.1,25.0,2.1,11.7,97,visakhapatnam
2021-10-09,32.0,26.2,5.3,7.9,97,visakhapatnam
2021-10-10,32.7,26.1,4.5,9.2,97,visakhapatnam
2021-10-11,31.9,25.9,1.2,11.0,97,visakhapatnam
2021-10-12,30.9,25.5,8.4,10.5,95,visakhapatnam
2021-10-13,32.0,24.9,13.7,7.7,97,visakhapatnam
2021-10-14,32.8,25.6,4.8,11.6,95,visakhapatnam
2021-10-15,26.9,24.4,79.1,12.1,96,visakhapatnam
2021-10-16,27.5,24.3,18.4,9.8,98,visakhapatnam
2021-10-17,29.8,23.6,5.2,9.2,98,visakhapatnam
2021-10-18,30.5,24.4,2.2,15.0,98,visakhapatnam
2021-10-19,30.6,25.2,4.2,14.5,96,visakhapatnam
2021-10-20,30.9,25.2,7.1,10.6,98,visakhapatnam
2021-10-21,31.7,25.0,1.1,11.3,98,visakhapatnam
2021-10-22,31.1,25.1,2.8,9.3,96,visakhapatnam
2021-10-23,30.1,24.7,0.4,11.0,96,visakhapatnam
2021-10-24,29.9,24.3,0.1,11.6,91,visakhapatnam
2021-10-25,30.1,23.5,0.2,11.2,88,visakhapatnam
2021-10-26,31.2,23.1,0.0,14.8,88,visakhapatnam
2021-10-27,31.5,23.5,3.6,18.8,91,visakhapatnam
2021-10-28,30.7,24.5,3.1,24.2,90,visakhapatnam
2021-10-29,30.1,24.2,14.0,21.9,96,visakhapatnam
2021-10-30,29.6,24.1,2.5,16.8,93,visakhapatnam
2021-10-31,29.4,24.2,4.9,16.0,93,visakhapatnam
2021-11-01,29.5,23.9,10.8,17.7,93,visakhapatnam
2021-11-02,25.8,23.4,22.0,17.1,94,visakhapatnam
2021-11-03,27.0,23.6,13.6,19.4,96,visakhapatnam
2021-11-04,26.9,23.5,5.8,20.4,93,visakhapatnam
2021-11-05,28.6,23.5,0.0,20.4,90,visakhapatnam
2021-11-06,28.5,23.3,0.0,18.4,89,visakhapatnam
2021-11-07,28.8,22.5,0.0,15.5,87,visakhapatnam
2021-11-08,28.4,21.9,0.0,17.8,84,visakhapatnam
2021-11-09,28.7,21.6,0.0,20.2,82,visakhapatnam
2021-11-10,29.1,22.4,0.0,22.6,81,visakhapatnam
2021-11-11,25.4,23.1,36.5,24.2,96,visakhapatnam
2021-11-12,25.6,23.6,45.3,16.6,96,visakhapatnam
2021-11-13,26.7,24.0,11.7,12.1,96,visakhapatnam
2021-11-14,27.3,23.5,6.5,13.2,97,visakhapatnam
2021-11-15,28.6,24.2,1.3,12.5,96,visakhapatnam
2021-11-16,28.0,24.0,12.6,16.9,96,visakhapatnam
2021-11-17,29.2,23.8,0.6,25.2,95,visakhapatnam
2021-11-18,26.9,24.2,0.3,28.3,86,visakhapatnam
2021-11-19,25.3,23.9,18.9,20.5,94,visakhapatnam
2021-11-20,27.8,24.0,6.1,15.7,95,visakhapatnam
2021-11-21,28.8,23.9,0.6,15.6,97,visakhapatnam
2021-11-22,29.1,23.6,2.6,11.5,99,visakhapatnam
2021-11-23,29.2,23.7,2.9,8.3,98,visakhapatnam
2021-11-24,29.1,23.2,0.0,16.2,97,visakhapatnam
2021-11-25,28.6,23.4,0.0,18.1,97,visakhapatnam
2021-11-26,29.2,23.0,0.1,16.6,96,visakhapatnam
2021-11-27,27.9,22.9,0.0,20.0,95,visakhapatnam
2021-11-28,27.9,23.6,0.0,22.0,83,visakhapatnam
2021-11-29,27.9,22.5,0.0,17.8,79,visakhapatnam
2021-11-30,27.2,21.5,0.0,18.3,81,visakhapatnam
2021-12-01,26.9,20.4,0.0,19.5,83,visakhapatnam
2021-12-02,27.5,19.6,0.0,15.5,87,visakhapatnam
2021-12-03,26.0,21.1,14.5,25.2,86,visakhapatnam
2021-12-04,23.8,21.0,89.4,28.7,87,visakhapatnam
2021-12-05,27.1,20.5,1.8,9.7,95,visakhapatnam
2021-12-06,28.2,23.2,2.0,17.3,96,visakhapatnam
2021-12-07,28.0,22.2,0.0,18.9,96,visakhapatnam
2021-12-08,27.4,23.5,0.2,20.3,87,visakhapatnam
2021-12-09,26.9,22.5,2.4,16.9,90,visakhapatnam
2021-12-10,27.3,21.2,0.0,17.6,95,visakhapatnam
2021-12-11,27.8,21.9,0.0,16.3,95,visakhapatnam
2021-12-12,27.8,22.1,0.0,20.0,88,visakhapatnam
2021-12-13,26.8,21.5,0.0,19.9,87,visakhapatnam
2021-12-14,26.7,20.2,0.0,15.6,86,visakhapatnam
2021-12-15,25.9,19.5,0.0,14.5,87,visakhapatnam
2021-12-16,26.4,18.5,0.0,15.1,88,visakhapatnam
2021-12-17,26.0,17.5,0.0,17.0,85,visakhapatnam
2021-12-18,26.5,15.9,0.0,16.6,88,visakhapatnam
2021-12-19,26.8,18.2,0.0,13.0,88,visakhapatnam
2021-12-20,26.6,18.1,0.0,14.6,87,visakhapatnam
2021-12-21,25.4,17.6,0.0,14.7,88,visakhapatnam
2021-12-22,26.1,16.3,0.0,11.7,92,visakhapatnam
2021-12-23,26.7,16.5,0.0,11.0,94,visakhapatnam
2021-12-24,26.8,17.0,0.0,12.8,94,visakhapatnam
2021-12-25,27.4,17.8,0.0,12.3,95,visakhapatnam
2021-12-26,27.4,19.6,0.4,13.6,95,visakhapatnam
2021-12-27,26.8,19.1,0.7,9.1,98,visakhapatnam
2021-12-28,26.6,19.4,1.1,12.8,97,visakhapatnam
2021-12-29,26.1,20.4,0.1,16.5,97,visakhapatnam
2021-12-30,26.2,20.6,0.1,23.4,95,visakhapatnam
2021-12-31,26.5,20.1,0.0,19.5,91,visakhapatnam
2022-01-01,27.4,20.0,0.0,17.6,91,visakhapatnam
2022-01-02,26.9,19.2,0.0,17.4,94,visakhapatnam
2022-01-03,26.1,18.5,0.0,18.4,90,visakhapatnam
2022-01-04,26.0,17.6,0.0,15.0,92,visakhapatnam
2022-01-05,26.2,17.6,0.0,13.5,93,visakhapatnam
2022-01-06,26.7,18.4,0.0,12.0,94,visakhapatnam
2022-01-07,26.9,19.0,0.0,13.7,95,visakhapatnam
2022-01-08,26.8,18.9,0.0,15.1,96,visakhapatnam
2022-01-09,26.8,18.4,0.0,12.5,97,visakhapatnam
2022-01-10,27.9,18.9,0.0,17.4,98,visakhapatnam
2022-01-11,27.8,19.8,0.0,12.2,93,visakhapatnam
2022-01-12,26.9,20.4,1.3,13.3,91,visakhapatnam
2022-01-13,27.2,19.8,15.2,15.8,97,visakhapatnam
2022-01-14,26.0,20.0,4.3,15.6,95,visakhapatnam
2022-01-15,26.2,19.9,1.4,16.9,93,visakhapatnam
2022-01-16,26.6,20.1,0.0,21.7,91,visakhapatnam
2022-01-17,26.5,18.9,0.0,16.9,89,visakhapatnam
2022-01-18,26.3,18.1,0.0,16.9,91,visakhapatnam
2022-01-19,26.5,17.6,0.1,11.7,91,visakhapatnam
2022-01-20,27.2,17.5,0.0,16.3,95,visakhapatnam
2022-01-21,28.0,19.4,0.0,22.9,94,visakhapatnam
2022-01-22,29.5,18.4,0.0,15.5,97,visakhapatnam
2022-01-23,28.1,18.6,3.2,22.4,93,visakhapatnam
2022-01-24,28.3,19.0,2.0,14.6,96,visakhapatnam
2022-01-25,28.0,20.5,0.1,17.4,99,visakhapatnam
2022-01-26,27.6,19.9,0.2,14.5,95,visakhapatnam
2022-01-27,27.7,20.0,0.9,17.1,94,visakhapatnam
2022-01-28,27.2,18.7,0.0,18.3,85,visakhapatnam
2022-01-29,26.2,17.4,0.0,16.6,85,visakhapatnam
2022-01-30,27.5,15.1,0.0,14.7,90,visakhapatnam
2022-01-31,28.4,16.5,0.0,15.5,95,visakhapatnam
2022-02-01,28.4,17.2,0.0,18.8,95,visakhapatnam
2022-02-02,28.4,17.8,0.0,19.5,93,visakhapatnam
2022-02-03,28.0,18.1,0.0,21.2,97,visakhapatnam
2022-02-04,28.2,18.4,1.4,24.0,94,visakhapatnam
2022-02-05,29.8,19.9,0.0,18.8,96,visakhapatnam
2022-02-06,27.8,18.7,0.0,18.0,82,visakhapatnam
2022-02-07,28.5,18.2,0.0,17.3,84,visakhapatnam
2022-02-08,28.5,18.6,0.0,18.7,94,visakhapatnam
2022-02-09,28.0,19.0,0.0,13.5,95,visakhapatnam
2022-02-10,28.5,17.8,0.0,13.8,95,visakhapatnam
2022-02-11,30.0,17.8,0.0,20.3,94,visakhapatnam
2022-02-12,29.5,19.9,0.0,21.1,94,visakhapatnam
2022-02-13,28.0,20.0,0.0,19.6,94,visakhapatnam
2022-02-14,27.6,17.9,0.0,18.9,87,visakhapatnam
2022-02-15,27.9,18.0,0.0,18.4,89,visakhapatnam
2022-02-16,29.0,17.8,0.0,18.6,91,visakhapatnam
2022-02-17,29.5,18.1,0.0,15.9,93,visakhapatnam
2022-02-18,30.1,20.4,0.0,16.2,96,visakhapatnam
2022-02-19,29.8,20.5,1.0,15.8,96,visakhapatnam
2022-02-20,31.0,21.2,0.0,28.6,95,visakhapatnam
2022-02-21,32.5,20.8,0.0,22.5,95,visakhapatnam
2022-02-22,31.0,22.5,0.5,16.1,99,visakhapatnam
2022-02-23,29.4,22.0,0.4,13.5,99,visakhapatnam
2022-02-24,30.0,20.9,0.0,16.1,98,visakhapatnam
2022-02-25,30.5,19.1,0.0,14.9,98,visakhapatnam
2022-02-26,30.2,18.1,0.0,15.7,97,visakhapatnam
2022-02-27,31.5,19.5,0.0,13.6,99,visakhapatnam
2022-02-28,32.0,16.8,0.0,11.8,99,visakhapatnam
2022-03-01,31.8,18.4,0.0,17.3,95,visakhapatnam
2022-03-02,32.2,19.2,0.0,16.4,95,visakhapatnam
2022-03-03,32.7,20.2,0.0,18.0,98,visakhapatnam
2022-03-04,32.5,20.7,0.0,16.6,93,visakhapatnam
2022-03-05,33.0,20.9,0.0,19.4,91,visakhapatnam
2022-03-06,32.8,19.6,0.0,17.3,70,visakhapatnam
2022-03-07,32.8,21.0,0.0,16.9,76,visakhapatnam
2022-03-08,32.5,20.5,0.0,18.4,89,visakhapatnam
2022-03-09,32.3,20.4,0.0,16.6,93,visakhapatnam
2022-03-10,32.9,21.0,0.0,17.6,84,visakhapatnam
2022-03-11,33.2,20.7,0.0,17.4,84,visakhapatnam
2022-03-12,34.0,20.4,0.0,18.6,84,visakhapatnam
2022-03-13,33.6,21.0,0.0,17.4,78,visakhapatnam
2022-03-14,34.0,20.0,0.0,17.0,80,visakhapatnam
2022-03-15,33.8,20.0,0.0,17.3,82,visakhapatnam
2022-03-16,35.5,21.0,0.0,22.2,93,visakhapatnam
2022-03-17,33.1,22.1,0.0,20.9,95,visakhapatnam
2022-03-18,31.0,22.1,0.0,16.1,99,visakhapatnam
2022-03-19,32.2,21.8,0.0,18.4,99,visakhapatnam
2022-03-20,32.5,23.1,0.3,19.7,96,visakhapatnam
2022-03-21,33.5,24.6,0.0,18.1,97,visakhapatnam
2022-03-22,34.1,26.5,0.2,18.5,95,visakhapatnam
2022-03-23,32.8,25.0,0.0,18.8,99,visakhapatnam
2022-03-24,32.8,25.2,0.1,25.3,93,visakhapatnam
2022-03-25,32.8,24.8,0.0,24.4,95,visakhapatnam
2022-03-26,33.4,25.2,0.0,25.0,90,visakhapatnam
2022-03-27,33.7,25.6,0.0,24.2,92,visakhapatnam
2022-03-28,34.0,25.9,0.0,23.8,92,visakhapatnam
2022-03-29,33.2,25.5,0.0,26.2,92,visakhapatnam
2022-03-30,33.3,25.6,0.0,24.8,95,visakhapatnam
2022-03-31,33.0,26.4,0.6,23.7,95,visakhapatnam
2022-04-01,33.0,26.6,0.4,24.8,95,visakhapatnam
2022-04-02,33.0,25.6,0.0,25.3,92,visakhapatnam
2022-04-03,33.7,26.0,0.0,24.0,90,visakhapatnam
2022-04-04,33.4,26.5,0.0,23.2,89,visakhapatnam
2022-04-05,33.0,26.0,0.0,19.6,89,visakhapatnam
2022-04-06,33.2,25.5,0.0,20.2,93,visakhapatnam
2022-04-07,32.7,24.9,0.0,17.4,95,visakhapatnam
2022-04-08,33.6,23.1,0.0,19.5,99,visakhapatnam
2022-04-09,34.2,25.1,0.0,19.9,95,visakhapatnam
2022-04-10,33.4,25.8,0.0,21.0,93,visakhapatnam
2022-04-11,33.4,25.6,0.0,22.5,93,visakhapatnam
2022-04-12,33.5,26.0,0.0,21.7,93,visakhapatnam
2022-04-13,33.9,25.8,0.0,22.8,93,visakhapatnam
2022-04-14,33.9,25.9,0.0,24.2,92,visakhapatnam
2022-04-15,34.3,26.2,0.0,23.8,93,visakhapatnam
2022-04-16,34.2,27.4,0.0,24.0,89,visakhapatnam
2022-04-17,34.5,27.0,0.0,21.9,90,visakhapatnam
2022-04-18,34.7,27.2,0.0,23.4,91,visakhapatnam
2022-04-19,34.5,26.5,0.0,23.1,94,visakhapatnam
2022-04-20,34.9,27.0,0.0,24.5,93,visakhapatnam
2022-04-21,33.5,27.5,0.0,24.7,89,visakhapatnam
2022-04-22,34.5,26.3,0.0,21.1,88,visakhapatnam
2022-04-23,35.3,26.4,0.0,20.8,87,visakhapatnam
2022-04-24,36.7,27.0,0.0,22.7,91,visakhapatnam
2022-04-25,35.3,27.2,0.0,22.7,97,visakhapatnam
2022-04-26,35.4,27.0,0.0,23.0,92,visakhapatnam
2022-04-27,35.3,26.9,0.0,22.2,95,visakhapatnam
2022-04-28,34.7,26.9,0.0,24.3,96,visakhapatnam
2022-04-29,34.8,26.2,0.0,25.1,91,visakhapatnam
2022-04-30,35.5,27.1,0.0,25.8,95,visakhapatnam
2022-05-01,35.2,27.1,0.0,24.7,96,visakhapatnam
2022-05-02,35.3,26.9,0.0,22.7,94,visakhapatnam
2022-05-03,34.8,27.0,0.0,23.1,96,visakhapatnam
2022-05-04,34.7,27.0,0.0,22.5,90,visakhapatnam
2022-05-05,34.9,27.6,0.0,22.2,90,visakhapatnam
2022-05-06,34.7,26.0,1.1,15.9,92,visakhapatnam
2022-05-07,34.8,26.2,0.0,16.2,98,visakhapatnam
2022-05-08,34.5,26.1,0.0,21.1,98,visakhapatnam
2022-05-09,35.2,26.0,2.3,33.6,91,visakhapatnam
2022-05-10,28.9,25.2,35.8,31.6,93,visakhapatnam
2022-05-11,29.2,25.2,24.0,25.4,94,visakhapatnam
2022-05-12,30.8,24.9,6.0,16.0,98,visakhapatnam
2022-05-13,31.8,25.5,0.1,16.2,94,visakhapatnam
2022-05-14,32.0,25.6,0.5,16.6,96,visakhapatnam
2022-05-15,32.6,27.1,0.2,16.1,94,visakhapatnam
2022-05-16,32.4,27.0,0.6,17.3,96,visakhapatnam
2022-05-17,32.6,27.0,0.7,17.9,94,visakhapatnam
2022-05-18,32.8,27.1,0.3,21.4,93,visakhapatnam
2022-05-19,32.3,26.1,2.4,23.0,94,visakhapatnam
2022-05-20,33.1,26.9,0.4,20.3,92,visakhapatnam
2022-05-21,33.5,27.2,0.0,22.7,85,visakhapatnam
2022-05-22,36.5,28.6,0.0,19.3,86,visakhapatnam
2022-05-23,38.2,26.5,0.0,20.1,94,visakhapatnam
2022-05-24,34.7,28.1,0.0,17.1,92,visakhapatnam
2022-05-25,35.5,26.1,0.0,22.6,91,visakhapatnam
2022-05-26,34.7,27.7,0.1,23.3,94,visakhapatnam
2022-05-27,36.5,27.5,0.0,20.9,93,visakhapatnam
2022-05-28,36.2,26.8,0.0,19.5,79,visakhapatnam
2022-05-29,37.1,28.7,0.0,22.0,82,visakhapatnam
2022-05-30,38.1,28.4,0.0,19.7,89,visakhapatnam
2022-05-31,38.1,28.5,0.0,16.1,87,visakhapatnam
2022-06-01,38.8,28.3,0.0,15.0,96,visakhapatnam
2022-06-02,35.0,28.2,0.0,22.3,97,visakhapatnam
2022-06-03,36.5,28.3,0.0,16.9,93,visakhapatnam
2022-06-04,34.0,28.5,0.0,21.6,93,visakhapatnam
2022-06-05,34.2,29.0,0.0,23.3,94,visakhapatnam
2022-06-06,35.5,28.5,0.0,19.1,90,visakhapatnam
2022-06-07,34.0,27.6,0.0,27.3,89,visakhapatnam
2022-06-08,36.6,29.2,0.0,18.2,87,visakhapatnam
2022-06-09,38.3,28.6,0.0,18.3,86,visakhapatnam
2022-06-10,37.1,28.9,0.1,19.3,88,visakhapatnam
2022-06-11,33.7,28.5,0.0,25.9,87,visakhapatnam
2022-06-12,34.3,28.1,0.0,21.5,88,visakhapatnam
2022-06-13,35.0,28.0,0.0,26.5,92,visakhapatnam
2022-06-14,37.8,27.9,0.0,16.4,94,visakhapatnam
2022-06-15,34.3,27.6,2.1,18.4,94,visakhapatnam
2022-06-16,32.0,26.0,3.7,20.8,93,visakhapatnam
2022-06-17,32.1,25.5,0.6,20.8,94,visakhapatnam
2022-06-18,31.5,26.4,0.8,21.1,92,visakhapatnam
2022-06-19,32.7,27.2,0.0,24.8,86,visakhapatnam
2022-06-20,32.8,26.3,7.5,22.6,93,visakhapatnam
2022-06-21,30.0,25.4,15.0,17.6,94,visakhapatnam
2022-06-22,31.4,26.4,0.5,18.3,87,visakhapatnam
2022-06-23,31.8,25.7,6.9,19.8,89,visakhapatnam
2022-06-24,32.0,27.2,1.4,24.9,89,visakhapatnam
2022-06-25,29.6,24.9,15.1,16.7,94,visakhapatnam
2022-06-26,31.1,25.0,22.9,20.3,95,visakhapatnam
2022-06-27,31.9,25.6,10.4,20.5,92,visakhapatnam
2022-06-28,31.1,25.4,14.5,21.5,94,visakhapatnam
2022-06-29,31.7,26.0,6.0,21.3,86,visakhapatnam
2022-06-30,32.0,27.2,2.0,23.5,93,visakhapatnam
2022-07-01,33.3,25.4,17.7,21.3,95,visakhapatnam
2022-07-02,33.2,26.4,16.1,9.3,96,visakhapatnam
2022-07-03,33.3,26.4,4.1,14.7,96,visakhapatnam
2022-07-04,32.3,25.5,2.6,20.8,96,visakhapatnam
2022-07-05,30.5,26.5,8.2,22.4,90,visakhapatnam
2022-07-06,31.9,24.9,10.7,21.1,94,visakhapatnam
2022-07-07,29.1,26.1,6.9,15.2,90,visakhapatnam
2022-07-08,30.8,25.0,23.6,19.2,96,visakhapatnam
2022-07-09,29.4,24.8,10.0,24.7,94,visakhapatnam
2022-07-10,30.5,24.5,12.0,24.0,94,visakhapatnam
2022-07-11,26.1,24.5,41.1,27.0,96,visakhapatnam
2022-07-12,28.8,24.1,42.6,30.5,92,visakhapatnam
2022-07-13,28.5,24.0,27.6,32.0,93,visakhapatnam
2022-07-14,32.0,24.5,3.2,27.9,90,visakhapatnam
2022-07-15,29.2,25.4,19.2,23.8,91,visakhapatnam
2022-07-16,32.1,25.2,3.8,20.3,90,visakhapatnam
2022-07-17,29.3,25.9,4.8,24.7,93,visakhapatnam
2022-07-18,29.7,24.8,8.7,25.2,94,visakhapatnam
2022-07-19,31.5,25.5,0.2,24.3,90,visakhapatnam
2022-07-20,30.8,26.5,0.8,24.6,93,visakhapatnam
2022-07-21,30.7,26.9,1.9,21.0,92,visakhapatnam
2022-07-22,29.6,25.9,6.8,16.1,93,visakhapatnam
2022-07-23,31.2,25.4,12.8,20.6,93,visakhapatnam
2022-07-24,30.8,25.4,12.2,19.8,91,visakhapatnam
2022-07-25,31.2,25.0,5.4,11.8,92,visakhapatnam
2022-07-26,30.5,25.0,12.0,15.1,96,visakhapatnam
2022-07-27,30.2,24.6,0.9,14.5,99,visakhapatnam
2022-07-28,31.2,24.6,0.3,12.3,96,visakhapatnam
2022-07-29,31.8,25.4,2.1,16.1,95,visakhapatnam
2022-07-30,31.5,25.2,0.1,19.8,94,visakhapatnam
2022-07-31,31.7,26.9,0.5,16.1,92,visakhapatnam
2022-08-01,32.2,26.0,5.1,15.6,91,visakhapatnam
2022-08-02,31.9,25.8,6.2,14.2,98,visakhapatnam
2022-08-03,31.7,25.6,0.3,15.3,96,visakhapatnam
2022-08-04,31.6,25.7,3.1,14.8,94,visakhapatnam
2022-08-05,31.6,24.9,4.4,17.3,95,visakhapatnam
2022-08-06,30.6,25.9,5.4,15.2,93,visakhapatnam
2022-08-07,29.4,24.9,18.7,21.8,94,visakhapatnam
2022-08-08,26.2,25.1,36.2,28.0,94,visakhapatnam
2022-08-09,30.0,25.0,12.1,36.4,92,visakhapatnam
2022-08-10,31.1,25.4,0.1,33.1,90,visakhapatnam
2022-08-11,31.9,27.0,0.0,28.6,86,visakhapatnam
2022-08-12,32.2,26.4,0.1,20.7,83,visakhapatnam
2022-08-13,31.6,27.1,0.4,20.1,78,visakhapatnam
2022-08-14,27.0,25.5,14.4,28.7,93,visakhapatnam
2022-08-15,30.8,25.7,0.0,28.9,88,visakhapatnam
2022-08-16,31.4,25.6,4.1,20.8,92,visakhapatnam
2022-08-17,31.0,25.3,1.0,20.9,92,visakhapatnam
2022-08-18,32.0,26.4,3.0,14.1,90,visakhapatnam
2022-08-19,31.1,26.3,14.6,17.9,88,visakhapatnam
2022-08-20,33.0,26.9,0.3,17.9,82,visakhapatnam
2022-08-21,32.5,26.9,1.4,22.3,87,visakhapatnam
2022-08-22,32.3,26.1,0.3,19.9,91,visakhapatnam
2022-08-23,33.2,25.9,7.3,16.2,96,visakhapatnam
2022-08-24,30.2,25.2,10.2,15.5,97,visakhapatnam
2022-08-25,31.5,25.0,2.2,12.2,97,visakhapatnam
2022-08-26,31.6,25.2,0.8,12.4,98,visakhapatnam
2022-08-27,31.9,26.2,7.9,9.8,97,visakhapatnam
2022-08-28,30.9,25.8,9.2,12.7,96,visakhapatnam
2022-08-29,30.8,25.0,0.6,12.3,100,visakhapatnam
2022-08-30,31.0,25.4,0.6,13.0,96,visakhapatnam
2022-08-31,29.9,25.6,12.6,14.2,96,visakhapatnam
2022-09-01,31.3,25.0,0.8,13.4,96,visakhapatnam
2022-09-02,31.1,25.9,1.6,13.0,95,visakhapatnam
2022-09-03,32.6,25.9,0.8,15.5,96,visakhapatnam
2022-09-04,32.5,27.0,3.4,17.3,89,visakhapatnam
2022-09-05,32.5,25.8,10.1,18.6,94,visakhapatnam
2022-09-06,31.4,25.5,4.8,14.7,94,visakhapatnam
2022-09-07,29.8,25.6,22.8,15.8,97,visakhapatnam
2022-09-08,28.4,24.8,17.6,23.5,97,visakhapatnam
2022-09-09,28.3,24.4,22.6,21.9,95,visakhapatnam
2022-09-10,27.1,25.0,41.8,12.8,96,visakhapatnam
2022-09-11,29.5,25.1,2.6,30.0,95,visakhapatnam
2022-09-12,30.9,26.1,0.3,30.2,88,visakhapatnam
2022-09-13,29.9,24.2,24.2,25.8,96,visakhapatnam
2022-09-14,29.4,25.5,2.3,23.6,90,visakhapatnam
2022-09-15,31.1,25.8,0.2,23.6,92,visakhapatnam
2022-09-16,31.0,26.1,0.3,22.1,86,visakhapatnam
2022-09-17,31.5,26.5,1.5,20.4,85,visakhapatnam
2022-09-18,32.0,26.4,5.6,11.5,96,visakhapatnam
2022-09-19,26.0,25.0,13.6,13.4,95,visakhapatnam
2022-09-20,29.2,24.6,13.0,18.8,93,visakhapatnam
2022-09-21,30.3,25.2,1.8,17.4,90,visakhapatnam
2022-09-22,29.1,25.6,10.4,18.0,94,visakhapatnam
2022-09-23,31.5,25.2,7.8,12.3,97,visakhapatnam
2022-09-24,31.2,24.4,9.1,10.9,96,visakhapatnam
2022-09-25,30.5,24.2,16.0,12.3,96,visakhapatnam
2022-09-26,29.9,24.6,4.7,10.5,97,visakhapatnam
2022-09-27,29.5,24.4,8.2,8.0,98,visakhapatnam
2022-09-28,30.5,24.3,10.3,12.9,98,visakhapatnam
2022-09-29,29.8,24.0,18.3,15.2,98,visakhapatnam
2022-09-30,29.1,24.5,12.6,18.3,96,visakhapatnam
2022-10-01,29.2,24.5,10.1,19.5,94,visakhapatnam
2022-10-02,31.5,23.9,8.5,9.7,97,visakhapatnam
2022-10-03,30.0,24.9,10.7,10.5,99,visakhapatnam
2022-10-04,27.9,25.5,7.4,16.0,96,visakhapatnam
2022-10-05,27.5,24.5,43.6,18.9,96,visakhapatnam
2022-10-06,27.0,24.5,36.8,18.2,96,visakhapatnam
2022-10-07,27.1,24.2,14.9,13.9,96,visakhapatnam
2022-10-08,27.9,24.1,16.1,19.6,96,visakhapatnam
2022-10-09,27.4,23.4,24.8,16.0,96,visakhapatnam
2022-10-10,28.6,23.4,12.8,13.0,97,visakhapatnam
2022-10-11,29.4,23.4,0.6,12.5,98,visakhapatnam
2022-10-12,30.0,23.9,2.3,11.3,97,visakhapatnam
2022-10-13,29.4,24.0,4.4,10.0,98,visakhapatnam
2022-10-14,28.0,24.4,12.8,16.9,95,visakhapatnam
2022-10-15,27.6,23.1,80.1,14.1,97,visakhapatnam
2022-10-16,29.0,24.5,1.7,13.5,95,visakhapatnam
2022-10-17,31.0,24.5,0.0,14.0,94,visakhapatnam
2022-10-18,31.2,24.1,0.8,14.9,93,visakhapatnam
2022-10-19,30.4,24.0,0.8,14.8,89,visakhapatnam
2022-10-20,29.5,24.5,2.0,17.2,87,visakhapatnam
2022-10-21,31.1,24.6,0.1,19.9,83,visakhapatnam
2022-10-22,31.5,24.6,0.0,19.6,81,visakhapatnam
2022-10-23,32.5,23.8,0.0,20.3,74,visakhapatnam
2022-10-24,32.5,21.8,0.0,14.7,81,visakhapatnam
2022-10-25,31.6,21.5,0.0,11.7,92,visakhapatnam
2022-10-26,30.5,22.4,0.1,9.9,93,visakhapatnam
2022-10-27,30.9,23.0,0.0,17.7,91,visakhapatnam
2022-10-28,31.0,22.5,0.0,18.8,87,visakhapatnam
2022-10-29,30.5,21.7,0.0,14.4,84,visakhapatnam
2022-10-30,29.7,21.9,0.0,14.7,83,visakhapatnam
2022-10-31,30.2,22.0,0.0,16.1,84,visakhapatnam
2022-11-01,30.5,23.5,0.0,15.4,89,visakhapatnam
2022-11-02,31.2,24.0,0.0,16.9,89,visakhapatnam
2022-11-03,28.8,24.3,1.1,14.9,95,visakhapatnam
2022-11-04,29.2,24.0,2.7,14.1,95,visakhapatnam
2022-11-05,30.7,22.7,0.0,15.4,94,visakhapatnam
2022-11-06,30.0,21.7,0.0,15.8,86,visakhapatnam
2022-11-07,29.9,21.0,0.0,15.1,90,visakhapatnam
2022-11-08,30.2,21.5,0.0,17.0,92,visakhapatnam
2022-11-09,30.0,22.4,0.0,19.6,90,visakhapatnam
2022-11-10,30.3,23.6,0.0,23.5,81,visakhapatnam
2022-11-11,30.3,23.6,0.0,23.1,77,visakhapatnam
2022-11-12,30.5,23.6,0.0,21.7,79,visakhapatnam
2022-11-13,30.3,23.1,0.0,17.8,79,visakhapatnam
2022-11-14,29.9,21.6,0.0,17.5,77,visakhapatnam
2022-11-15,29.5,20.0,0.0,15.5,84,visakhapatnam
2022-11-16,30.5,19.0,0.0,15.2,89,visakhapatnam
2022-11-17,30.5,19.7,0.0,19.5,80,visakhapatnam
2022-11-18,30.6,21.2,0.0,26.2,75,visakhapatnam
2022-11-19,29.9,21.5,0.0,19.2,67,visakhapatnam
2022-11-20,29.5,22.2,0.0,21.3,64,visakhapatnam
2022-11-21,28.9,23.1,2.4,23.7,75,visakhapatnam
2022-11-22,29.1,24.0,2.0,24.2,88,visakhapatnam
2022-11-23,29.7,23.7,0.5,15.8,95,visakhapatnam
2022-11-24,29.0,22.6,4.6,11.2,98,visakhapatnam
2022-11-25,25.7,22.5,14.4,14.4,97,visakhapatnam
2022-11-26,28.8,21.1,0.0,16.0,95,visakhapatnam
2022-11-27,28.5,19.8,0.0,15.1,92,visakhapatnam
2022-11-28,29.0,18.5,0.0,13.5,90,visakhapatnam
2022-11-29,29.6,18.8,0.0,15.7,84,visakhapatnam
2022-11-30,30.6,20.8,0.0,14.8,95,visakhapatnam
2022-12-01,30.9,22.6,0.0,20.9,94,visakhapatnam
2022-12-02,29.4,23.3,0.0,16.3,93,visakhapatnam
2022-12-03,29.0,22.5,0.6,15.5,96,visakhapatnam
2022-12-04,30.1,22.4,0.0,16.9,95,visakhapatnam
2022-12-05,29.9,21.6,0.0,16.6,94,visakhapatnam
2022-12-06,29.4,19.2,0.0,18.0,97,visakhapatnam
2022-12-07,28.4,19.9,0.0,22.8,88,visakhapatnam
2022-12-08,29.0,20.5,0.0,26.0,79,visakhapatnam
2022-12-09,26.5,20.0,8.8,25.5,84,visakhapatnam
2022-12-10,25.9,19.8,17.9,27.4,94,visakhapatnam
2022-12-11,26.0,22.1,26.0,22.1,96,visakhapatnam
2022-12-12,27.8,22.5,1.0,14.3,95,visakhapatnam
2022-12-13,29.2,22.4,0.1,12.2,98,visakhapatnam
2022-12-14,29.1,20.8,0.0,10.6,98,visakhapatnam
2022-12-15,29.0,20.5,0.0,10.0,96,visakhapatnam
2022-12-16,28.8,22.0,0.2,12.6,98,visakhapatnam
2022-12-17,27.5,22.4,1.3,14.1,97,visakhapatnam
2022-12-18,26.9,19.5,0.0,17.4,91,visakhapatnam
2022-12-19,27.0,19.2,0.0,15.2,92,visakhapatnam
2022-12-20,27.0,18.5,0.0,15.1,93,visakhapatnam
2022-12-21,27.5,19.4,0.0,15.5,93,visakhapatnam
2022-12-22,26.6,20.0,0.0,16.1,92,visakhapatnam
2022-12-23,27.8,19.1,0.0,23.0,92,visakhapatnam
2022-12-24,28.2,19.5,0.0,17.9,93,visakhapatnam
2022-12-25,28.6,20.0,0.0,13.4,94,visakhapatnam
2022-12-26,29.2,21.2,0.2,11.6,97,visakhapatnam
2022-12-27,28.8,21.6,0.3,12.3,98,visakhapatnam
2022-12-28,30.5,21.7,0.3,13.4,97,visakhapatnam
2022-12-29,30.8,22.0,0.4,16.0,100,visakhapatnam
2022-12-30,28.0,21.9,0.6,12.8,96,visakhapatnam
2022-12-31,28.6,21.3,0.3,13.9,98,visakhapatnam
2023-01-01,28.1,21.0,1.2,12.5,98,visakhapatnam
2023-01-02,27.3,21.1,1.1,12.1,98,visakhapatnam
2023-01-03,26.5,21.0,1.1,15.5,93,visakhapatnam
2023-01-04,26.1,20.7,2.6,15.4,95,visakhapatnam
2023-01-05,27.6,21.1,0.8,20.6,90,visakhapatnam
2023-01-06,27.4,20.2,0.0,18.0,88,visakhapatnam
2023-01-07,27.4,18.5,0.0,17.9,91,visakhapatnam
2023-01-08,27.3,15.8,0.0,15.2,86,visakhapatnam
2023-01-09,27.6,15.1,0.0,13.0,92,visakhapatnam
2023-01-10,28.4,15.5,0.0,14.2,91,visakhapatnam
2023-01-11,29.0,15.6,0.0,12.3,93,visakhapatnam
2023-01-12,28.0,17.0,0.0,16.6,98,visakhapatnam
2023-01-13,29.0,17.4,0.0,16.8,98,visakhapatnam
2023-01-14,28.9,18.2,0.0,15.5,98,visakhapatnam
2023-01-15,28.7,18.8,0.0,16.7,98,visakhapatnam
2023-01-16,28.9,19.4,0.0,17.1,97,visakhapatnam
2023-01-17,28.5,19.4,0.0,19.4,96,visakhapatnam
2023-01-18,28.8,19.2,0.0,18.4,94,visakhapatnam
2023-01-19,29.5,19.6,0.0,17.2,94,visakhapatnam
2023-01-20,28.0,19.4,0.7,16.2,97,visakhapatnam
2023-01-21,28.6,20.5,0.0,17.9,96,visakhapatnam
2023-01-22,29.5,19.9,0.0,17.5,96,visakhapatnam
2023-01-23,29.0,19.0,0.0,15.2,95,visakhapatnam
2023-01-24,29.4,16.2,0.0,13.0,93,visakhapatnam
2023-01-25,30.0,15.2,0.0,13.8,95,visakhapatnam
2023-01-26,30.8,15.5,0.0,16.1,93,visakhapatnam
2023-01-27,31.4,15.5,0.0,14.0,93,visakhapatnam
2023-01-28,30.8,16.7,0.0,15.1,95,visakhapatnam
2023-01-29,29.4,20.6,0.0,18.6,93,visakhapatnam
2023-01-30,29.4,21.3,0.0,21.1,95,visakhapatnam
2023-01-31,30.0,21.8,0.0,18.9,93,visakhapatnam
2023-02-01,30.2,22.1,0.0,19.8,90,visakhapatnam
2023-02-02,31.7,20.0,0.0,22.1,91,visakhapatnam
2023-02-03,29.0,20.2,0.0,18.5,92,visakhapatnam
2023-02-04,31.0,17.6,0.0,15.9,96,visakhapatnam
2023-02-05,29.9,17.6,0.0,15.8,94,visakhapatnam
2023-02-06,30.5,17.0,0.0,14.6,97,visakhapatnam
2023-02-07,30.0,18.5,0.0,17.3,94,visakhapatnam
2023-02-08,29.8,19.4,0.0,17.7,99,visakhapatnam
2023-02-09,31.0,19.4,0.0,17.0,99,visakhapatnam
2023-02-10,32.1,19.5,0.0,18.0,99,visakhapatnam
2023-02-11,32.7,19.0,0.0,19.0,100,visakhapatnam
2023-02-12,31.8,21.8,0.0,18.7,99,visakhapatnam
2023-02-13,32.6,19.2,0.0,20.2,99,visakhapatnam
2023-02-14,30.7,18.2,0.0,16.2,92,visakhapatnam
2023-02-15,30.9,17.7,0.0,17.4,97,visakhapatnam
2023-02-16,31.2,19.2,0.0,17.5,99,visakhapatnam
2023-02-17,29.6,20.9,0.0,19.7,97,visakhapatnam
2023-02-18,29.0,20.8,1.1,16.2,95,visakhapatnam
2023-02-19,30.1,20.9,0.0,19.4,95,visakhapatnam
2023-02-20,30.5,20.5,0.0,18.4,97,visakhapatnam
2023-02-21,32.2,21.1,0.0,18.9,97,visakhapatnam
2023-02-22,32.3,20.9,0.0,19.9,98,visakhapatnam
2023-02-23,31.5,22.2,0.0,21.1,94,visakhapatnam
2023-02-24,31.2,21.4,0.0,16.9,95,visakhapatnam
2023-02-25,31.1,20.2,0.0,14.4,100,visakhapatnam
2023-02-26,31.9,19.8,0.0,19.5,100,visakhapatnam
2023-02-27,30.9,20.0,0.0,17.4,94,visakhapatnam
2023-02-28,32.5,20.5,0.0,17.4,86,visakhapatnam
2023-03-01,32.8,18.8,0.0,15.3,66,visakhapatnam
2023-03-02,34.6,18.9,0.0,15.8,63,visakhapatnam
2023-03-03,33.5,19.8,0.0,15.5,81,visakhapatnam
2023-03-04,34.5,19.4,0.0,17.2,83,visakhapatnam
2023-03-05,35.3,19.5,0.0,17.7,59,visakhapatnam
2023-03-06,35.5,20.0,0.0,19.5,69,visakhapatnam
2023-03-07,33.8,20.0,0.0,18.9,85,visakhapatnam
2023-03-08,33.0,20.2,0.0,15.5,94,visakhapatnam
2023-03-09,32.4,20.1,0.0,16.2,91,visakhapatnam
2023-03-10,33.1,22.4,0.0,15.6,94,visakhapatnam
2023-03-11,33.0,21.6,0.0,17.7,91,visakhapatnam
2023-03-12,33.8,19.5,0.0,15.2,90,visakhapatnam
2023-03-13,34.8,20.0,0.0,15.8,83,visakhapatnam
2023-03-14,34.3,21.3,0.0,17.1,75,visakhapatnam
2023-03-15,32.3,21.3,0.0,15.5,96,visakhapatnam
2023-03-16,31.4,22.8,1.9,14.9,98,visakhapatnam
2023-03-17,29.2,22.1,6.8,22.3,93,visakhapatnam
2023-03-18,28.4,21.6,11.0,20.2,98,visakhapatnam
2023-03-19,25.8,21.0,16.8,12.7,97,visakhapatnam
2023-03-20,26.9,20.7,6.6,18.2,95,visakhapatnam
2023-03-21,28.9,21.0,5.2,21.7,96,visakhapatnam
2023-03-22,29.5,22.6,3.0,17.6,97,visakhapatnam
2023-03-23,29.7,23.6,10.8,15.6,97,visakhapatnam
2023-03-24,30.3,23.9,1.9,15.9,96,visakhapatnam
2023-03-25,30.4,22.9,4.7,13.7,93,visakhapatnam
2023-03-26,30.9,24.0,0.7,18.4,95,visakhapatnam
2023-03-27,31.6,24.7,4.4,15.9,96,visakhapatnam
2023-03-28,31.3,24.6,1.8,18.1,95,visakhapatnam
2023-03-29,31.8,25.2,0.0,22.0,96,visakhapatnam
2023-03-30,31.4,23.9,0.0,20.9,95,visakhapatnam
2023-03-31,31.3,24.6,0.2,22.6,91,visakhapatnam
2023-04-01,30.5,24.7,6.2,19.2,94,visakhapatnam
2023-04-02,32.5,23.5,4.2,22.5,89,visakhapatnam
2023-04-03,33.0,24.6,0.0,21.1,92,visakhapatnam
2023-04-04,31.4,25.6,4.0,21.7,97,visakhapatnam
2023-04-05,33.0,25.9,0.0,20.2,93,visakhapatnam
2023-04-06,33.3,25.4,0.0,18.8,97,visakhapatnam
2023-04-07,33.5,25.0,0.0,15.5,98,visakhapatnam
2023-04-08,33.2,23.0,0.0,16.3,100,visakhapatnam
2023-04-09,34.8,22.5,0.0,18.0,99,visakhapatnam
2023-04-10,37.2,23.1,0.0,18.9,84,visakhapatnam
2023-04-11,37.5,24.2,0.0,19.6,79,visakhapatnam
2023-04-12,38.8,25.6,0.0,20.9,76,visakhapatnam
2023-04-13,39.0,25.8,0.0,21.5,79,visakhapatnam
2023-04-14,40.2,25.7,0.0,24.1,81,visakhapatnam
2023-04-15,39.9,27.1,0.0,21.6,75,visakhapatnam
2023-04-16,38.5,26.5,0.0,17.6,85,visakhapatnam
2023-04-17,38.1,27.0,0.0,23.5,84,visakhapatnam
2023-04-18,39.1,26.1,0.0,24.2,78,visakhapatnam
2023-04-19,37.7,26.9,0.0,24.6,78,visakhapatnam
2023-04-20,38.1,26.9,0.0,23.1,89,visakhapatnam
2023-04-21,35.2,26.4,0.0,16.2,93,visakhapatnam
2023-04-22,34.8,25.6,0.0,22.0,96,visakhapatnam
2023-04-23,31.5,24.5,8.8,16.4,96,visakhapatnam
2023-04-24,30.5,24.0,5.4,12.8,96,visakhapatnam
2023-04-25,30.8,24.2,7.2,12.0,96,visakhapatnam
2023-04-26,32.9,25.1,0.0,13.6,99,visakhapatnam
2023-04-27,33.8,25.2,1.5,13.4,96,visakhapatnam
2023-04-28,35.7,25.7,0.6,16.6,94,visakhapatnam
2023-04-29,33.4,24.6,0.0,16.8,97,visakhapatnam
2023-04-30,34.8,25.0,0.0,18.4,95,visakhapatnam
2023-05-01,26.9,23.5,21.8,14.9,98,visakhapatnam
2023-05-02,30.5,23.1,11.4,11.2,96,visakhapatnam
2023-05-03,29.0,24.1,10.2,12.4,98,visakhapatnam
2023-05-04,30.7,23.5,9.7,11.2,97,visakhapatnam
2023-05-05,30.9,25.6,5.0,17.4,91,visakhapatnam
2023-05-06,32.7,26.1,2.6,11.5,91,visakhapatnam
2023-05-07,32.7,26.5,0.0,13.6,92,visakhapatnam
2023-05-08,34.4,27.2,0.0,17.2,96,visakhapatnam
2023-05-09,34.8,26.6,0.0,13.9,98,visakhapatnam
2023-05-10,34.7,25.8,0.0,12.9,99,visakhapatnam
2023-05-11,35.8,26.7,0.0,15.9,98,visakhapatnam
2023-05-12,36.3,26.3,0.0,17.6,97,visakhapatnam
2023-05-13,35.3,26.5,0.0,20.3,93,visakhapatnam
2023-05-14,35.0,25.8,0.0,15.4,96,visakhapatnam
2023-05-15,37.0,26.4,0.0,17.1,92,visakhapatnam
2023-05-16,40.0,26.9,0.0,14.5,97,visakhapatnam
2023-05-17,35.5,28.4,0.0,22.5,97,visakhapatnam
2023-05-18,35.2,28.4,0.0,23.8,93,visakhapatnam
2023-05-19,35.5,28.9,0.0,23.0,89,visakhapatnam
2023-05-20,35.8,27.9,0.0,24.8,90,visakhapatnam
2023-05-21,35.5,27.9,0.1,23.5,90,visakhapatnam
2023-05-22,36.2,28.2,4.0,25.9,91,visakhapatnam
2023-05-23,37.8,27.0,0.0,22.0,93,visakhapatnam
2023-05-24,35.8,28.1,1.8,32.9,95,visakhapatnam
2023-05-25,35.2,28.5,24.9,27.5,95,visakhapatnam
2023-05-26,35.0,26.8,0.0,23.1,96,visakhapatnam
2023-05-27,38.2,27.4,0.0,16.5,94,visakhapatnam
2023-05-28,35.0,26.5,0.6,15.2,97,visakhapatnam
2023-05-29,34.1,27.3,0.4,19.2,96,visakhapatnam
2023-05-30,35.4,26.7,6.9,24.7,94,visakhapatnam
2023-05-31,36.5,27.1,0.2,19.6,90,visakhapatnam
2023-06-01,36.8,28.0,0.1,17.1,95,visakhapatnam
2023-06-02,38.8,28.0,0.0,19.5,97,visakhapatnam
2023-06-03,36.2,28.0,0.0,19.7,100,visakhapatnam
2023-06-04,36.8,28.9,0.3,20.7,98,visakhapatnam
2023-06-05,35.7,27.2,0.2,17.1,98,visakhapatnam
2023-06-06,35.2,28.6,4.7,13.1,98,visakhapatnam
2023-06-07,38.8,26.6,0.9,21.4,98,visakhapatnam
2023-06-08,41.9,29.0,0.0,23.1,87,visakhapatnam
2023-06-09,42.8,29.9,0.2,23.7,84,visakhapatnam
2023-06-10,43.8,30.9,0.0,25.7,81,visakhapatnam
2023-06-11,43.6,31.6,0.0,22.4,69,visakhapatnam
2023-06-12,40.8,29.6,1.7,23.8,78,visakhapatnam
2023-06-13,36.6,27.7,0.4,22.1,82,visakhapatnam
2023-06-14,39.1,30.3,0.1,20.5,76,visakhapatnam
2023-06-15,42.2,29.3,0.0,16.4,80,visakhapatnam
2023-06-16,41.5,30.3,0.1,15.1,77,visakhapatnam
2023-06-17,38.3,29.7,0.0,18.9,85,visakhapatnam
2023-06-18,38.7,28.1,2.5,19.4,94,visakhapatnam
2023-06-19,33.5,26.1,3.7,15.6,96,visakhapatnam
2023-06-20,33.8,28.0,3.1,21.8,90,visakhapatnam
2023-06-21,34.3,28.2,6.6,19.4,88,visakhapatnam
2023-06-22,34.2,27.0,13.2,27.6,93,visakhapatnam
2023-06-23,30.0,26.9,11.6,26.5,92,visakhapatnam
2023-06-24,32.0,26.2,2.6,21.1,88,visakhapatnam
2023-06-25,31.2,26.5,5.0,22.7,94,visakhapatnam
2023-06-26,32.5,27.1,0.9,32.2,81,visakhapatnam
2023-06-27,32.2,27.9,0.7,26.9,82,visakhapatnam
2023-06-28,33.4,28.2,0.1,22.0,86,visakhapatnam
2023-06-29,33.5,27.9,1.8,20.9,87,visakhapatnam
2023-06-30,35.7,27.8,0.0,20.7,86,visakhapatnam
2023-07-01,36.4,28.6,0.0,20.1,82,visakhapatnam
2023-07-02,36.2,26.5,0.0,16.3,89,visakhapatnam
2023-07-03,35.0,27.0,5.7,20.0,90,visakhapatnam
2023-07-04,34.0,26.0,7.0,13.1,97,visakhapatnam
2023-07-05,31.4,25.8,5.5,15.5,95,visakhapatnam
2023-07-06,32.5,25.0,8.7,21.6,95,visakhapatnam
2023-07-07,33.8,27.1,0.3,25.2,83,visakhapatnam
2023-07-08,33.2,25.5,1.1,23.8,93,visakhapatnam
2023-07-09,35.7,27.3,1.9,14.5,93,visakhapatnam
2023-07-10,36.2,26.5,18.0,15.8,96,visakhapatnam
2023-07-11,34.1,25.6,17.7,14.5,96,visakhapatnam
2023-07-12,30.1,25.6,17.9,20.1,98,visakhapatnam
2023-07-13,31.0,26.2,3.6,21.5,89,visakhapatnam
2023-07-14,32.5,26.4,2.5,20.3,91,visakhapatnam
2023-07-15,32.7,25.9,10.9,21.2,91,visakhapatnam
2023-07-16,33.6,26.4,3.5,20.3,91,visakhapatnam
2023-07-17,30.0,25.4,23.3,20.1,94,visakhapatnam
2023-07-18,28.6,25.6,12.8,24.6,92,visakhapatnam
2023-07-19,29.6,24.6,22.3,32.4,93,visakhapatnam
2023-07-20,31.6,25.5,10.4,29.7,92,visakhapatnam
2023-07-21,33.1,25.2,4.0,21.3,91,visakhapatnam
2023-07-22,32.1,25.2,12.5,18.8,95,visakhapatnam
2023-07-23,31.6,24.5,19.9,16.4,97,visakhapatnam
2023-07-24,31.8,24.8,72.8,14.5,98,visakhapatnam
2023-07-25,29.5,24.4,71.1,13.3,99,visakhapatnam
2023-07-26,31.5,25.0,52.7,19.7,96,visakhapatnam
2023-07-27,30.8,25.0,0.6,33.1,92,visakhapatnam
2023-07-28,34.1,26.0,0.2,27.9,84,visakhapatnam
2023-07-29,34.1,26.5,2.7,18.9,93,visakhapatnam
2023-07-30,33.2,26.5,3.5,14.0,90,visakhapatnam
2023-07-31,31.5,26.4,6.0,16.2,92,visakhapatnam
2023-08-01,31.2,25.9,6.5,19.0,91,visakhapatnam
2023-08-02,31.4,26.2,1.6,23.4,90,visakhapatnam
2023-08-03,34.1,27.5,0.0,22.9,76,visakhapatnam
2023-08-04,32.8,26.7,0.8,23.1,85,visakhapatnam
2023-08-05,34.0,26.8,0.0,22.6,85,visakhapatnam
2023-08-06,32.8,27.3,2.4,23.8,84,visakhapatnam
2023-08-07,33.8,27.5,0.2,20.2,81,visakhapatnam
2023-08-08,32.9,26.3,1.1,22.7,80,visakhapatnam
2023-08-09,33.5,26.1,2.7,17.6,87,visakhapatnam
2023-08-10,34.3,25.6,0.5,20.2,93,visakhapatnam
2023-08-11,34.0,26.3,3.0,12.2,94,visakhapatnam
2023-08-12,35.0,26.7,0.1,16.1,90,visakhapatnam
2023-08-13,34.9,26.9,0.4,17.1,88,visakhapatnam
2023-08-14,32.3,26.9,0.7,13.2,93,visakhapatnam
2023-08-15,33.3,26.3,0.7,17.7,96,visakhapatnam
2023-08-16,32.2,26.6,2.1,20.0,87,visakhapatnam
2023-08-17,32.3,26.3,10.6,12.4,93,visakhapatnam
2023-08-18,28.5,25.6,12.5,16.5,93,visakhapatnam
2023-08-19,31.2,25.0,2.4,22.0,92,visakhapatnam
2023-08-20,31.2,25.5,0.6,25.0,90,visakhapatnam
2023-08-21,32.2,26.5,5.0,18.1,98,visakhapatnam
2023-08-22,32.1,26.5,7.6,20.1,99,visakhapatnam
2023-08-23,31.5,27.0,20.8,24.9,92,visakhapatnam
2023-08-24,30.7,27.2,4.3,23.2,92,visakhapatnam
2023-08-25,31.6,26.1,5.5,22.4,91,visakhapatnam
2023-08-26,30.0,25.6,37.8,15.5,96,visakhapatnam
2023-08-27,32.0,25.8,0.7,20.5,95,visakhapatnam
2023-08-28,33.9,26.6,12.4,14.3,97,visakhapatnam
2023-08-29,33.6,25.6,1.2,10.1,93,visakhapatnam
2023-08-30,34.3,25.0,1.0,9.9,88,visakhapatnam
2023-08-31,34.2,26.6,9.3,9.8,98,visakhapatnam
2023-09-01,33.5,26.1,1.9,13.2,99,visakhapatnam
2023-09-02,33.3,26.6,27.0,17.0,96,visakhapatnam
2023-09-03,34.1,25.2,32.1,13.3,98,visakhapatnam
2023-09-04,31.1,25.0,23.6,10.8,96,visakhapatnam
2023-09-05,31.0,24.6,16.7,10.5,99,visakhapatnam
2023-09-06,29.4,25.0,40.1,10.5,99,visakhapatnam
2023-09-07,31.1,24.9,16.1,19.3,95,visakhapatnam
2023-09-08,31.6,25.6,2.8,22.3,90,visakhapatnam
2023-09-09,32.0,26.5,3.1,19.3,93,visakhapatnam
2023-09-10,31.4,26.9,8.5,19.0,94,visakhapatnam
2023-09-11,31.9,26.2,4.7,14.5,92,visakhapatnam
2023-09-12,30.4,25.5,11.0,14.2,92,visakhapatnam
2023-09-13,31.2,25.4,16.0,17.7,94,visakhapatnam
2023-09-14,32.2,25.0,1.2,21.7,90,visakhapatnam
2023-09-15,31.6,25.8,4.3,22.1,90,visakhapatnam
2023-09-16,32.3,26.2,0.7,14.8,91,visakhapatnam
2023-09-17,33.5,26.5,1.6,14.0,94,visakhapatnam
2023-09-18,32.0,25.6,3.1,9.2,97,visakhapatnam
2023-09-19,31.2,24.9,6.8,12.4,99,visakhapatnam
2023-09-20,31.4,26.8,2.3,14.7,97,visakhapatnam
2023-09-21,31.5,26.1,0.7,21.9,92,visakhapatnam
2023-09-22,31.9,26.1,0.2,22.5,94,visakhapatnam
2023-09-23,31.5,26.4,3.7,20.1,95,visakhapatnam
2023-09-24,31.3,25.0,6.6,16.6,96,visakhapatnam
2023-09-25,29.8,25.2,10.9,11.9,98,visakhapatnam
2023-09-26,30.4,25.3,10.5,11.2,100,visakhapatnam
2023-09-27,31.1,25.1,9.0,10.6,99,visakhapatnam
2023-09-28,32.5,25.2,10.9,7.6,99,visakhapatnam
2023-09-29,31.6,25.0,6.2,14.5,100,visakhapatnam
2023-09-30,33.5,25.0,13.3,14.1,99,visakhapatnam
2023-10-01,33.5,27.0,1.8,20.0,88,visakhapatnam
2023-10-02,31.6,25.9,0.9,19.9,93,visakhapatnam
2023-10-03,32.4,26.5,14.2,18.9,93,visakhapatnam
2023-10-04,34.5,25.5,0.0,17.1,100,visakhapatnam
2023-10-05,33.8,23.0,0.0,14.0,98,visakhapatnam
2023-10-06,33.8,23.3,0.0,11.9,94,visakhapatnam
2023-10-07,33.7,24.2,0.0,7.6,96,visakhapatnam
2023-10-08,32.7,26.0,5.5,13.4,97,visakhapatnam
2023-10-09,33.2,26.8,1.5,13.3,90,visakhapatnam
2023-10-10,33.3,25.5,1.8,11.4,100,visakhapatnam
2023-10-11,34.0,23.6,0.0,12.9,99,visakhapatnam
2023-10-12,33.7,24.5,0.0,13.6,95,visakhapatnam
2023-10-13,33.0,23.5,0.0,12.0,99,visakhapatnam
2023-10-14,33.3,23.8,0.0,13.5,93,visakhapatnam
2023-10-15,33.9,23.8,0.0,13.2,93,visakhapatnam
2023-10-16,34.0,24.0,0.0,14.8,96,visakhapatnam
2023-10-17,33.3,22.5,0.1,16.5,92,visakhapatnam
2023-10-18,32.8,23.2,0.0,13.4,95,visakhapatnam
2023-10-19,32.3,24.0,5.0,16.3,94,visakhapatnam
2023-10-20,32.5,24.1,0.4,20.2,92,visakhapatnam
2023-10-21,32.2,25.0,0.0,23.4,81,visakhapatnam
2023-10-22,33.3,24.6,0.0,22.0,83,visakhapatnam
2023-10-23,34.0,23.4,1.4,19.0,79,visakhapatnam
2023-10-24,33.1,23.5,0.1,15.3,87,visakhapatnam
2023-10-25,32.1,23.9,3.5,11.1,94,visakhapatnam
2023-10-26,32.3,23.5,1.3,12.6,94,visakhapatnam
2023-10-27,32.1,23.3,1.0,14.1,93,visakhapatnam
2023-10-28,31.5,23.0,0.0,13.7,93,visakhapatnam
2023-10-29,31.7,22.9,0.0,15.2,92,visakhapatnam
2023-10-30,31.5,22.1,0.0,17.7,88,visakhapatnam
2023-10-31,31.1,22.7,0.0,19.2,86,visakhapatnam
2023-11-01,29.7,24.0,5.0,19.7,91,visakhapatnam
2023-11-02,30.5,23.3,8.0,17.4,94,visakhapatnam
2023-11-03,30.9,23.0,9.2,12.2,97,visakhapatnam
2023-11-04,30.2,22.6,11.4,10.7,99,visakhapatnam
2023-11-05,29.7,23.6,8.4,11.3,98,visakhapatnam
2023-11-06,30.4,24.2,7.0,15.0,95,visakhapatnam
2023-11-07,30.3,23.3,6.8,15.7,94,visakhapatnam
2023-11-08,31.5,23.3,0.1,12.9,94,visakhapatnam
2023-11-09,31.5,22.1,0.0,15.6,96,visakhapatnam
2023-11-10,31.6,21.0,0.0,13.8,86,visakhapatnam
2023-11-11,32.2,21.3,0.0,15.7,93,visakhapatnam
2023-11-12,32.0,21.1,0.0,17.0,91,visakhapatnam
2023-11-13,31.2,23.0,0.0,18.6,91,visakhapatnam
2023-11-14,30.5,23.1,0.0,21.4,91,visakhapatnam
2023-11-15,30.5,23.2,0.0,22.7,81,visakhapatnam
2023-11-16,34.0,24.5,0.0,19.2,95,visakhapatnam
2023-11-17,32.1,22.5,0.0,17.4,96,visakhapatnam
2023-11-18,31.9,22.2,0.1,19.1,93,visakhapatnam
2023-11-19,30.8,23.4,0.0,19.2,93,visakhapatnam
2023-11-20,26.9,23.0,21.4,19.4,92,visakhapatnam
2023-11-21,27.2,22.4,23.0,14.9,93,visakhapatnam
2023-11-22,30.3,22.5,0.0,16.6,94,visakhapatnam
2023-11-23,29.3,22.9,4.5,15.9,91,visakhapatnam
2023-11-24,29.9,22.5,0.0,17.9,91,visakhapatnam
2023-11-25,30.1,22.9,0.3,20.0,85,visakhapatnam
2023-11-26,29.6,22.6,0.0,18.8,87,visakhapatnam
2023-11-27,29.4,22.5,0.0,16.9,91,visakhapatnam
2023-11-28,29.6,21.8,0.0,16.6,94,visakhapatnam
2023-11-29,30.2,22.0,0.0,17.5,96,visakhapatnam
2023-11-30,30.6,20.9,0.0,19.1,94,visakhapatnam
2023-12-01,30.1,21.8,0.0,23.2,93,visakhapatnam
2023-12-02,29.7,22.0,0.1,25.5,94,visakhapatnam
2023-12-03,28.4,24.0,4.2,27.3,93,visakhapatnam
2023-12-04,25.0,23.1,29.5,20.3,94,visakhapatnam
2023-12-05,25.7,22.9,32.8,18.1,97,visakhapatnam
2023-12-06,26.2,23.1,39.2,21.7,97,visakhapatnam
2023-12-07,28.4,21.5,1.8,9.9,99,visakhapatnam
2023-12-08,28.8,21.0,0.0,9.7,100,visakhapatnam
2023-12-09,27.8,21.4,0.3,12.3,96,visakhapatnam
2023-12-10,28.2,20.8,0.2,13.8,95,visakhapatnam
2023-12-11,27.1,19.5,0.2,14.3,98,visakhapatnam
2023-12-12,27.1,19.7,0.0,14.9,90,visakhapatnam
2023-12-13,27.0,19.2,0.0,13.7,90,visakhapatnam
2023-12-14,27.1,19.1,0.0,15.3,89,visakhapatnam
2023-12-15,27.0,19.5,0.0,16.0,87,visakhapatnam
2023-12-16,26.8,19.8,0.0,15.4,87,visakhapatnam
2023-12-17,27.0,19.7,0.0,16.6,88,visakhapatnam
2023-12-18,27.2,19.3,0.0,16.5,85,visakhapatnam
2023-12-19,26.9,19.1,0.0,15.5,83,visakhapatnam
2023-12-20,26.4,18.4,0.0,14.5,91,visakhapatnam
2023-12-21,26.2,17.0,0.0,13.0,93,visakhapatnam
2023-12-22,26.9,16.5,0.0,11.3,95,visakhapatnam
2023-12-23,27.0,18.2,0.0,14.2,95,visakhapatnam
2023-12-24,27.1,18.5,0.0,14.1,95,visakhapatnam
2023-12-25,27.6,19.1,0.0,14.4,97,visakhapatnam
2023-12-26,28.4,19.8,0.0,13.2,98,visakhapatnam
2023-12-27,28.0,19.9,0.0,13.8,97,visakhapatnam
2023-12-28,27.9,19.5,0.0,16.0,98,visakhapatnam
2023-12-29,27.0,19.4,0.0,15.3,95,visakhapatnam
2023-12-30,29.0,19.1,0.0,15.1,96,visakhapatnam
2023-12-31,27.6,19.0,0.0,16.5,96,visakhapatnam
2024-01-01,27.9,18.4,0.0,17.4,95,visakhapatnam
2024-01-02,27.3,18.4,0.0,18.0,94,visakhapatnam
2024-01-03,26.7,18.4,0.0,16.3,96,visakhapatnam
2024-01-04,27.1,17.9,0.0,17.7,94,visakhapatnam
2024-01-05,27.0,18.2,0.0,18.0,93,visakhapatnam
2024-01-06,27.1,18.8,0.0,16.4,95,visakhapatnam
2024-01-07,27.9,19.1,0.0,17.7,96,visakhapatnam
2024-01-08,27.9,19.2,0.0,19.5,96,visakhapatnam
2024-01-09,27.6,20.2,0.0,16.7,97,visakhapatnam
2024-01-10,29.6,19.0,0.0,13.2,98,visakhapatnam
2024-01-11,29.9,18.8,0.0,10.4,98,visakhapatnam
2024-01-12,28.5,20.3,0.1,15.9,98,visakhapatnam
2024-01-13,29.0,20.7,0.0,15.6,99,visakhapatnam
2024-01-14,28.4,20.6,0.3,15.5,100,visakhapatnam
2024-01-15,28.8,20.8,0.9,18.0,98,visakhapatnam
2024-01-16,28.2,20.6,0.3,16.6,96,visakhapatnam
2024-01-17,28.2,19.5,0.2,14.4,98,visakhapatnam
2024-01-18,27.9,18.1,0.0,15.5,98,visakhapatnam
2024-01-19,28.0,17.8,0.0,14.7,95,visakhapatnam
2024-01-20,27.8,19.9,1.8,14.5,95,visakhapatnam
2024-01-21,28.4,18.8,0.0,15.1,100,visakhapatnam
2024-01-22,28.2,19.6,1.2,12.1,99,visakhapatnam
2024-01-23,27.9,21.0,0.5,12.7,97,visakhapatnam
2024-01-24,28.8,19.2,0.0,18.9,100,visakhapatnam
2024-01-25,28.5,20.5,3.2,15.7,98,visakhapatnam
2024-01-26,26.6,19.9,0.4,17.7,96,visakhapatnam
2024-01-27,28.1,20.1,0.0,16.6,97,visakhapatnam
2024-01-28,28.0,19.0,0.0,14.8,96,visakhapatnam
2024-01-29,27.9,17.6,0.0,15.7,98,visakhapatnam
2024-01-30,28.5,17.0,0.0,14.0,98,visakhapatnam
2024-01-31,30.1,18.1,0.0,15.2,100,visakhapatnam
2024-02-01,29.8,17.1,0.0,15.5,100,visakhapatnam
2024-02-02,29.5,19.2,0.0,16.6,100,visakhapatnam
2024-02-03,29.1,19.8,2.4,14.0,100,visakhapatnam
2024-02-04,28.9,20.0,0.4,13.8,100,visakhapatnam
2024-02-05,29.7,20.4,0.0,15.7,100,visakhapatnam
2024-02-06,30.8,20.9,0.0,16.2,99,visakhapatnam
2024-02-07,32.3,21.4,0.0,14.4,100,visakhapatnam
2024-02-08,31.8,21.0,0.2,13.5,100,visakhapatnam
2024-02-09,28.9,23.0,2.7,18.5,95,visakhapatnam
2024-02-10,29.0,21.0,0.0,15.7,90,visakhapatnam
2024-02-11,29.9,20.0,0.0,17.1,95,visakhapatnam
2024-02-12,29.6,18.6,0.0,15.7,95,visakhapatnam
2024-02-13,30.5,18.5,0.0,13.5,99,visakhapatnam
2024-02-14,30.7,17.0,0.0,13.0,100,visakhapatnam
2024-02-15,31.1,17.6,0.0,13.4,100,visakhapatnam
2024-02-16,32.0,17.2,0.0,17.8,100,visakhapatnam
2024-02-17,30.9,18.3,0.0,15.1,100,visakhapatnam
2024-02-18,31.4,19.5,0.0,18.4,100,visakhapatnam
2024-02-19,32.2,19.4,0.0,22.5,95,visakhapatnam
2024-02-20,32.4,20.4,0.0,20.0,96,visakhapatnam
2024-02-21,33.0,22.0,0.0,22.1,96,visakhapatnam
2024-02-22,30.9,22.0,0.0,24.3,98,visakhapatnam
2024-02-23,31.6,23.0,0.0,21.5,96,visakhapatnam
2024-02-24,30.8,23.0,0.6,16.7,95,visakhapatnam
2024-02-25,30.8,22.2,0.0,15.0,97,visakhapatnam
2024-02-26,30.8,22.0,0.0,17.6,94,visakhapatnam
2024-02-27,31.5,21.5,0.0,16.6,97,visakhapatnam
2024-02-28,31.6,21.3,0.0,15.5,99,visakhapatnam
2024-02-29,34.4,22.0,0.7,13.2,98,visakhapatnam
2024-03-01,34.3,22.5,0.3,19.2,100,visakhapatnam
2024-03-02,32.7,20.4,0.0,19.1,99,visakhapatnam
2024-03-03,33.0,21.8,0.0,22.0,97,visakhapatnam
2024-03-04,32.6,21.4,0.0,23.2,100,visakhapatnam
2024-03-05,33.7,20.4,0.0,18.4,100,visakhapatnam
2024-03-06,34.1,22.0,0.0,19.6,99,visakhapatnam
2024-03-07,33.6,21.5,0.0,22.5,100,visakhapatnam
2024-03-08,33.2,22.5,2.3,14.1,99,visakhapatnam
2024-03-09,32.4,24.5,1.3,17.3,95,visakhapatnam
2024-03-10,32.8,23.1,0.3,14.7,98,visakhapatnam
2024-03-11,32.4,22.8,0.0,19.1,97,visakhapatnam
2024-03-12,34.0,24.0,0.0,21.1,91,visakhapatnam
2024-03-13,33.7,24.9,0.0,23.7,92,visakhapatnam
2024-03-14,33.8,25.0,0.0,21.1,96,visakhapatnam
2024-03-15,33.2,23.0,0.0,18.9,99,visakhapatnam
2024-03-16,32.4,23.1,0.0,17.8,99,visakhapatnam
2024-03-17,33.2,22.0,0.0,13.0,98,visakhapatnam
2024-03-18,33.8,23.8,0.0,15.8,96,visakhapatnam
2024-03-19,33.3,24.1,1.0,14.4,100,visakhapatnam
2024-03-20,30.8,21.9,1.8,19.5,100,visakhapatnam
2024-03-21,30.2,19.9,0.3,16.6,100,visakhapatnam
2024-03-22,31.6,22.0,0.0,18.5,97,visakhapatnam
2024-03-23,32.8,23.4,0.3,18.7,96,visakhapatnam
2024-03-24,33.3,23.5,0.0,19.2,98,visakhapatnam
2024-03-25,34.0,23.5,0.0,16.9,98,visakhapatnam
2024-03-26,33.5,21.2,0.0,17.3,97,visakhapatnam
2024-03-27,34.0,22.0,0.0,21.0,96,visakhapatnam
2024-03-28,34.8,24.3,0.0,20.9,98,visakhapatnam
2024-03-29,34.0,24.5,0.0,22.1,95,visakhapatnam
2024-03-30,34.5,24.1,0.0,22.5,96,visakhapatnam
2024-03-31,34.2,24.8,0.0,22.1,95,visakhapatnam
2024-04-01,35.0,24.7,0.0,21.7,89,visakhapatnam
2024-04-02,34.4,25.6,0.0,23.7,96,visakhapatnam
2024-04-03,33.4,25.4,0.0,24.7,97,visakhapatnam
2024-04-04,35.0,25.5,0.0,24.9,95,visakhapatnam
2024-04-05,36.4,25.5,0.0,22.9,89,visakhapatnam
2024-04-06,38.3,25.8,0.0,22.7,90,visakhapatnam
2024-04-07,36.8,25.9,0.0,22.1,94,visakhapatnam
2024-04-08,34.2,24.5,0.4,25.9,98,visakhapatnam
2024-04-09,36.7,23.3,0.0,16.0,87,visakhapatnam
2024-04-10,36.9,22.1,0.0,15.1,91,visakhapatnam
2024-04-11,36.6,22.8,0.0,16.1,92,visakhapatnam
2024-04-12,35.2,24.3,0.0,15.3,95,visakhapatnam
2024-04-13,36.2,24.4,0.0,14.3,95,visakhapatnam
2024-04-14,36.4,23.5,0.0,17.0,89,visakhapatnam
2024-04-15,36.7,24.3,0.0,19.1,91,visakhapatnam
2024-04-16,40.0,27.0,0.0,26.6,82,visakhapatnam
2024-04-17,38.2,28.4,0.0,23.7,89,visakhapatnam
2024-04-18,36.4,27.2,0.0,24.6,94,visakhapatnam
2024-04-19,36.1,27.1,0.0,23.7,95,visakhapatnam
2024-04-20,36.9,27.2,0.0,23.8,93,visakhapatnam
2024-04-21,35.2,27.6,0.0,22.5,91,visakhapatnam
2024-04-22,37.5,27.4,0.0,17.5,95,visakhapatnam
2024-04-23,38.2,26.4,0.0,17.6,99,visakhapatnam
2024-04-24,38.6,24.9,0.0,18.4,96,visakhapatnam
2024-04-25,37.6,26.4,0.0,19.1,99,visakhapatnam
2024-04-26,36.5,26.8,0.0,21.6,96,visakhapatnam
2024-04-27,37.3,26.9,0.1,21.3,96,visakhapatnam
2024-04-28,37.8,27.4,0.0,19.9,93,visakhapatnam
2024-04-29,37.4,26.5,0.0,21.3,96,visakhapatnam
2024-04-30,36.5,27.1,0.0,25.6,91,visakhapatnam
2024-05-01,36.7,28.0,0.0,25.8,89,visakhapatnam
2024-05-02,35.6,28.4,0.0,28.2,91,visakhapatnam
2024-05-03,36.6,28.5,0.0,25.4,92,visakhapatnam
2024-05-04,35.9,28.0,0.0,26.1,91,visakhapatnam
2024-05-05,35.6,28.8,0.0,27.6,91,visakhapatnam
2024-05-06,36.2,27.6,20.2,28.7,94,visakhapatnam
2024-05-07,33.5,26.1,0.0,24.5,94,visakhapatnam
2024-05-08,33.6,25.5,0.0,19.3,94,visakhapatnam
2024-05-09,33.3,26.5,7.1,21.8,97,visakhapatnam
2024-05-10,33.0,25.4,9.6,18.4,96,visakhapatnam
2024-05-11,34.4,26.5,0.3,21.5,97,visakhapatnam
2024-05-12,34.9,27.5,1.1,16.6,96,visakhapatnam
2024-05-13,34.7,27.2,0.0,13.3,98,visakhapatnam
2024-05-14,34.8,27.1,1.0,14.3,98,visakhapatnam
2024-05-15,34.2,26.4,3.8,16.6,97,visakhapatnam
2024-05-16,31.2,26.4,17.5,10.8,94,visakhapatnam
2024-05-17,32.5,26.3,7.2,14.9,98,visakhapatnam
2024-05-18,33.9,26.5,1.4,17.8,95,visakhapatnam
2024-05-19,33.9,27.1,1.8,17.1,92,visakhapatnam
2024-05-20,35.1,27.7,0.9,15.6,92,visakhapatnam
2024-05-21,34.5,27.6,1.0,16.1,94,visakhapatnam
2024-05-22,35.3,26.8,0.0,19.4,98,visakhapatnam
2024-05-23,35.0,27.2,0.1,18.1,92,visakhapatnam
2024-05-24,36.5,28.3,9.8,17.3,88,visakhapatnam
2024-05-25,33.1,27.8,1.5,13.3,90,visakhapatnam
2024-05-26,37.3,28.6,0.8,22.4,88,visakhapatnam
2024-05-27,38.0,29.8,0.0,23.8,82,visakhapatnam
2024-05-28,39.5,30.5,0.0,23.2,83,visakhapatnam
2024-05-29,37.3,30.1,0.0,25.0,79,visakhapatnam
2024-05-30,36.3,30.2,0.0,22.4,94,visakhapatnam
2024-05-31,36.3,29.6,0.0,22.3,95,visakhapatnam
2024-06-01,35.5,27.4,3.0,21.6,95,visakhapatnam
2024-06-02,36.8,29.3,2.3,25.5,94,visakhapatnam
2024-06-03,33.5,26.5,1.0,18.8,94,visakhapatnam
2024-06-04,35.0,29.0,0.1,27.2,94,visakhapatnam
2024-06-05,34.2,27.6,1.6,18.1,91,visakhapatnam
2024-06-06,34.2,27.0,0.5,24.5,96,visakhapatnam
2024-06-07,33.3,26.5,1.2,22.6,87,visakhapatnam
2024-06-08,34.0,27.0,0.0,26.9,85,visakhapatnam
2024-06-09,33.8,26.8,0.0,27.4,84,visakhapatnam
2024-06-10,33.4,27.1,0.1,22.1,82,visakhapatnam
2024-06-11,35.2,26.4,0.0,21.4,88,visakhapatnam
2024-06-12,34.0,27.8,0.3,18.7,89,visakhapatnam
2024-06-13,37.3,27.0,2.4,19.4,89,visakhapatnam
2024-06-14,37.0,27.8,0.0,18.9,84,visakhapatnam
2024-06-15,36.5,27.8,10.8,21.1,92,visakhapatnam
2024-06-16,37.1,26.8,3.8,18.5,93,visakhapatnam
2024-06-17,36.5,27.2,6.7,22.1,89,visakhapatnam
2024-06-18,37.0,26.9,9.4,28.1,92,visakhapatnam
2024-06-19,37.5,26.7,0.4,23.4,94,visakhapatnam
2024-06-20,37.3,28.0,5.6,23.4,82,visakhapatnam
2024-06-21,36.5,27.9,5.9,14.2,91,visakhapatnam
2024-06-22,33.4,26.8,5.1,16.6,94,visakhapatnam
2024-06-23,32.5,26.0,0.5,21.3,92,visakhapatnam
2024-06-24,33.8,26.8,0.9,17.0,92,visakhapatnam
2024-06-25,33.2,25.6,15.5,16.6,93,visakhapatnam
2024-06-26,31.5,25.5,6.4,14.0,95,visakhapatnam
2024-06-27,28.0,25.5,107.5,17.1,97,visakhapatnam
2024-06-28,33.0,25.5,1.8,20.5,94,visakhapatnam
2024-06-29,31.0,25.7,22.4,26.1,93,visakhapatnam
2024-06-30,30.8,25.6,9.5,22.9,95,visakhapatnam
2024-07-01,32.5,25.6,4.0,25.3,93,visakhapatnam
2024-07-02,32.7,26.3,0.1,21.9,90,visakhapatnam
2024-07-03,34.8,26.8,0.3,22.1,86,visakhapatnam
2024-07-04,33.2,27.8,3.8,20.7,86,visakhapatnam
2024-07-05,32.5,27.2,3.5,24.6,88,visakhapatnam
2024-07-06,32.8,25.8,9.5,24.3,92,visakhapatnam
2024-07-07,31.5,26.0,0.4,17.4,91,visakhapatnam
2024-07-08,31.4,25.3,12.6,14.8,96,visakhapatnam
2024-07-09,29.5,25.3,8.0,20.2,95,visakhapatnam
2024-07-10,30.1,25.5,6.8,21.3,93,visakhapatnam
2024-07-11,31.5,26.0,10.9,20.9,91,visakhapatnam
2024-07-12,31.9,25.8,5.8,21.4,91,visakhapatnam
2024-07-13,32.7,25.2,10.9,20.3,94,visakhapatnam
2024-07-14,30.6,25.0,21.7,18.6,97,visakhapatnam
2024-07-15,29.2,25.1,20.2,16.0,95,visakhapatnam
2024-07-16,31.5,25.0,18.8,17.7,97,visakhapatnam
2024-07-17,31.4,24.9,11.2,19.9,97,visakhapatnam
2024-07-18,27.0,24.9,47.4,15.5,97,visakhapatnam
2024-07-19,26.5,24.8,80.0,21.3,97,visakhapatnam
2024-07-20,30.6,25.0,30.2,29.1,93,visakhapatnam
2024-07-21,28.0,25.0,9.0,33.6,93,visakhapatnam
2024-07-22,28.8,25.1,4.2,28.1,92,visakhapatnam
2024-07-23,29.0,26.0,2.0,26.7,88,visakhapatnam
2024-07-24,29.5,25.5,13.4,31.9,92,visakhapatnam
2024-07-25,29.0,25.6,2.0,28.7,89,visakhapatnam
2024-07-26,28.5,24.9,22.0,23.3,95,visakhapatnam
2024-07-27,30.9,24.9,14.6,23.5,93,visakhapatnam
2024-07-28,32.3,25.5,0.9,23.4,91,visakhapatnam
2024-07-29,32.0,25.5,2.5,20.9,96,visakhapatnam
2024-07-30,31.0,25.5,2.5,19.7,94,visakhapatnam
2024-07-31,31.8,26.2,3.8,20.4,90,visakhapatnam
2024-08-01,31.4,26.6,1.5,20.2,86,visakhapatnam
2024-08-02,30.3,25.6,4.8,20.7,92,visakhapatnam
2024-08-03,31.9,25.7,2.6,20.9,93,visakhapatnam
2024-08-04,32.1,26.4,1.3,19.4,89,visakhapatnam
2024-08-05,31.0,26.7,2.2,21.7,90,visakhapatnam
2024-08-06,30.1,26.1,4.1,14.8,92,visakhapatnam
2024-08-07,30.6,25.1,11.0,18.9,95,visakhapatnam
2024-08-08,31.0,25.0,5.8,18.6,94,visakhapatnam
2024-08-09,32.2,25.9,0.8,17.8,92,visakhapatnam
2024-08-10,32.4,26.0,1.0,16.9,95,visakhapatnam
2024-08-11,33.0,25.8,1.2,18.4,99,visakhapatnam
2024-08-12,31.5,26.7,5.4,15.3,97,visakhapatnam
2024-08-13,31.6,26.5,6.7,17.1,97,visakhapatnam
2024-08-14,31.0,25.5,8.0,15.9,95,visakhapatnam
2024-08-15,31.7,25.2,2.6,15.9,96,visakhapatnam
2024-08-16,31.4,26.5,1.1,17.2,93,visakhapatnam
2024-08-17,32.0,26.5,0.5,15.2,90,visakhapatnam
2024-08-18,32.5,25.8,9.7,15.2,95,visakhapatnam
2024-08-19,30.7,25.6,14.1,13.7,97,visakhapatnam
2024-08-20,31.5,26.4,0.5,19.5,91,visakhapatnam
2024-08-21,30.7,25.7,2.4,24.3,96,visakhapatnam
2024-08-22,29.8,26.0,22.6,19.4,95,visakhapatnam
2024-08-23,28.4,26.1,7.2,20.5,95,visakhapatnam
2024-08-24,30.0,25.6,4.1,24.9,93,visakhapatnam
2024-08-25,31.9,25.5,0.1,22.2,91,visakhapatnam
2024-08-26,30.6,25.2,5.6,19.5,91,visakhapatnam
2024-08-27,32.5,26.5,0.0,16.6,93,visakhapatnam
2024-08-28,30.5,25.5,24.2,13.2,97,visakhapatnam
2024-08-29,26.4,24.4,83.4,7.2,99,visakhapatnam
2024-08-30,30.0,23.7,39.0,16.2,100,visakhapatnam
2024-08-31,29.7,24.6,48.3,22.1,98,visakhapatnam
2024-09-01,29.4,25.2,2.4,25.0,95,visakhapatnam
2024-09-02,29.4,25.9,0.5,20.9,89,visakhapatnam
2024-09-03,30.0,24.6,3.9,19.8,95,visakhapatnam
2024-09-04,29.0,24.7,28.3,13.8,99,visakhapatnam
2024-09-05,31.0,23.9,10.9,14.6,100,visakhapatnam
2024-09-06,31.4,24.9,23.1,9.6,98,visakhapatnam
2024-09-07,29.4,24.7,13.6,14.1,98,visakhapatnam
2024-09-08,26.2,24.5,100.1,16.6,97,visakhapatnam
2024-09-09,28.5,24.9,167.6,24.1,96,visakhapatnam
2024-09-10,33.0,25.6,0.4,28.7,89,visakhapatnam
2024-09-11,33.5,26.6,0.0,21.3,87,visakhapatnam
2024-09-12,33.1,26.2,0.0,18.7,88,visakhapatnam
2024-09-13,32.9,26.0,0.4,11.5,84,visakhapatnam
2024-09-14,33.4,26.3,0.0,11.3,84,visakhapatnam
2024-09-15,34.9,26.6,0.0,14.1,76,visakhapatnam
2024-09-16,33.7,26.1,0.0,15.1,75,visakhapatnam
2024-09-17,33.8,26.6,2.4,14.0,98,visakhapatnam
2024-09-18,33.3,25.5,1.7,10.9,98,visakhapatnam
2024-09-19,32.3,25.8,17.0,7.7,97,visakhapatnam
2024-09-20,31.1,25.0,12.4,11.5,98,visakhapatnam
2024-09-21,33.1,24.3,3.9,10.8,98,visakhapatnam
2024-09-22,32.0,24.0,13.2,11.8,99,visakhapatnam
2024-09-23,28.9,24.4,21.7,11.5,99,visakhapatnam
2024-09-24,30.8,24.5,22.0,10.0,99,visakhapatnam
2024-09-25,29.8,24.6,4.8,15.1,99,visakhapatnam
2024-09-26,28.8,24.8,15.2,21.4,98,visakhapatnam
2024-09-27,29.1,25.2,9.6,18.6,96,visakhapatnam
2024-09-28,30.8,25.2,1.6,17.1,96,visakhapatnam
2024-09-29,31.2,25.0,0.7,15.7,97,visakhapatnam
2024-09-30,32.0,25.8,0.6,17.7,94,visakhapatnam
2024-10-01,32.8,25.9,0.3,16.7,92,visakhapatnam
2024-10-02,32.6,26.5,7.6,14.3,91,visakhapatnam
2024-10-03,34.8,25.8,0.4,13.3,97,visakhapatnam
2024-10-04,35.8,25.5,0.4,14.2,99,visakhapatnam
2024-10-05,33.2,25.4,0.0,10.8,98,visakhapatnam
2024-10-06,32.2,25.4,1.2,8.1,99,visakhapatnam
2024-10-07,31.1,25.2,3.6,13.7,98,visakhapatnam
2024-10-08,31.0,24.4,3.9,10.4,97,visakhapatnam
2024-10-09,30.9,24.2,2.7,14.2,98,visakhapatnam
2024-10-10,30.9,24.3,2.2,14.2,99,visakhapatnam
2024-10-11,30.3,24.5,1.6,13.4,99,visakhapatnam
2024-10-12,31.1,24.5,1.9,10.1,99,visakhapatnam
2024-10-13,31.5,24.5,0.3,15.1,98,visakhapatnam
2024-10-14,30.5,25.6,10.2,16.6,96,visakhapatnam
2024-10-15,31.1,24.5,5.6,15.8,96,visakhapatnam
2024-10-16,31.2,25.1,12.0,19.6,95,visakhapatnam
2024-10-17,29.5,24.6,5.3,11.9,96,visakhapatnam
2024-10-18,30.9,24.8,2.5,13.5,100,visakhapatnam
2024-10-19,31.1,25.1,5.1,13.8,98,visakhapatnam
2024-10-20,30.0,23.9,8.4,12.3,97,visakhapatnam
2024-10-21,31.0,23.6,3.6,14.7,97,visakhapatnam
2024-10-22,32.4,24.1,0.0,13.3,95,visakhapatnam
2024-10-23,34.5,22.9,0.0,14.9,94,visakhapatnam
2024-10-24,32.0,22.1,0.0,14.9,84,visakhapatnam
2024-10-25,32.8,23.1,0.1,15.3,87,visakhapatnam
2024-10-26,31.8,24.0,7.6,11.2,95,visakhapatnam
2024-10-27,31.8,24.0,4.2,8.9,98,visakhapatnam
2024-10-28,30.8,24.0,2.6,13.0,99,visakhapatnam
2024-10-29,31.8,23.5,0.8,12.8,98,visakhapatnam
2024-10-30,30.7,23.5,1.7,13.2,98,visakhapatnam
2024-10-31,31.5,23.3,0.6,10.7,98,visakhapatnam
2024-11-01,31.6,22.9,0.2,10.3,97,visakhapatnam
2024-11-02,32.0,23.2,0.0,14.3,97,visakhapatnam
2024-11-03,32.5,23.4,0.0,15.1,94,visakhapatnam
2024-11-04,32.9,22.0,0.0,16.7,89,visakhapatnam
2024-11-05,31.9,22.4,0.0,18.7,90,visakhapatnam
2024-11-06,31.6,24.0,2.5,20.7,93,visakhapatnam
2024-11-07,31.5,23.2,0.2,17.8,94,visakhapatnam
2024-11-08,31.5,23.8,0.3,16.9,91,visakhapatnam
2024-11-09,32.1,23.6,0.0,19.0,90,visakhapatnam
2024-11-10,32.8,23.5,0.0,18.9,89,visakhapatnam
2024-11-11,30.4,23.2,0.4,23.0,86,visakhapatnam
2024-11-12,30.5,24.2,5.8,19.9,96,visakhapatnam
2024-11-13,31.6,23.6,0.2,18.6,98,visakhapatnam
2024-11-14,31.9,24.4,0.5,19.6,94,visakhapatnam
2024-11-15,32.6,24.9,0.0,16.9,81,visakhapatnam
2024-11-16,32.8,23.7,0.0,16.9,83,visakhapatnam
2024-11-17,31.6,23.0,0.0,16.2,71,visakhapatnam
2024-11-18,30.8,21.6,0.0,15.9,70,visakhapatnam
2024-11-19,31.1,20.9,0.0,13.8,76,visakhapatnam
2024-11-20,30.1,20.1,0.0,12.8,77,visakhapatnam
2024-11-21,30.0,20.5,0.0,12.8,81,visakhapatnam
2024-11-22,31.0,20.8,0.0,14.6,83,visakhapatnam
2024-11-23,31.5,21.2,0.0,12.8,85,visakhapatnam
2024-11-24,30.8,21.5,0.0,16.1,84,visakhapatnam
2024-11-25,30.1,21.8,0.0,17.9,75,visakhapatnam
2024-11-26,29.7,22.2,0.0,22.4,71,visakhapatnam
2024-11-27,29.7,21.7,0.0,20.0,67,visakhapatnam
2024-11-28,29.4,21.9,0.0,21.9,59,visakhapatnam
2024-11-29,27.9,20.4,6.4,19.1,91,visakhapatnam
2024-11-30,27.1,22.8,13.4,22.3,96,visakhapatnam
2024-12-01,24.6,23.0,33.1,21.9,98,visakhapatnam
2024-12-02,28.3,22.9,25.8,18.9,98,visakhapatnam
2024-12-03,27.2,23.1,4.6,17.8,98,visakhapatnam
2024-12-04,28.7,23.4,0.4,15.1,92,visakhapatnam
2024-12-05,29.5,23.1,0.0,11.0,93,visakhapatnam
2024-12-06,29.5,23.6,0.0,8.8,92,visakhapatnam
2024-12-07,29.0,21.8,2.2,9.7,100,visakhapatnam
2024-12-08,29.2,22.0,0.3,10.0,99,visakhapatnam
2024-12-09,30.0,21.3,0.6,8.2,99,visakhapatnam
2024-12-10,28.7,22.5,1.0,13.5,95,visakhapatnam
2024-12-11,28.0,22.4,0.0,19.4,94,visakhapatnam
2024-12-12,27.5,21.3,0.0,13.6,87,visakhapatnam
2024-12-13,27.4,20.0,0.0,13.5,87,visakhapatnam
2024-12-14,27.6,19.3,0.0,15.0,86,visakhapatnam
2024-12-15,27.4,19.0,0.0,15.3,83,visakhapatnam
2024-12-16,27.8,18.2,0.0,14.8,81,visakhapatnam
2024-12-17,27.5,19.0,14.3,15.2,95,visakhapatnam
2024-12-18,26.1,20.2,10.7,15.5,94,visakhapatnam
2024-12-19,26.3,21.5,19.6,22.0,95,visakhapatnam
2024-12-20,24.7,21.2,34.9,20.1,96,visakhapatnam
2024-12-21,25.5,20.8,28.7,20.9,96,visakhapatnam
2024-12-22,27.8,19.9,0.0,16.5,89,visakhapatnam
2024-12-23,25.6,21.0,0.7,17.9,88,visakhapatnam
2024-12-24,24.8,20.9,4.2,20.0,88,visakhapatnam
2024-12-25,24.6,19.8,13.8,19.8,95,visakhapatnam
2024-12-26,27.0,21.3,0.1,18.5,91,visakhapatnam
2024-12-27,28.2,20.5,0.0,18.4,95,visakhapatnam
2024-12-28,28.5,20.1,0.0,11.9,92,visakhapatnam
2024-12-29,29.0,19.2,0.0,11.0,94,visakhapatnam
2024-12-30,29.2,19.2,0.0,11.7,94,visakhapatnam
2024-12-31,28.9,20.8,0.0,9.6,97,visakhapatnam
